Genome;cluster_ID-d5;cluster_ID-d10;cluster_ID-d20;cluster_ID-d50;cluster_ID-d100;cluster_ID-d200
06QMA126-1-unicyclerassembly;1;1;1;1;1;1
06QMA140-2-unicycler-assembly;2;2;2;2;2;2
06QMA181-1a-Unicycler-assembly;3;3;3;3;3;3
06QMA227-3-Unicycler-assembly;4;4;4;4;4;1
07HMPA386-Unicycler-assembly;5;5;5;5;5;1
07HMPA903-unicyclerassembly;6;6;6;6;6;1
07HMPA966-Canu_pilon;7;7;7;7;7;1
09QMA299-3B-Unicycler-assembly;8;8;8;8;8;1
09QMA303-1A-unicycler-assembly;9;9;9;9;9;1
09QMA311-2-3-Unicycler-assembly;10;10;10;10;10;1
09QMA33-1-Unicycler-assembly;11;11;11;11;11;4
09QMA47.1_unicycler;12;12;12;12;12;5
1429-unicycler-assembly;13;13;13;13;13;6
1890-4-Unicycler-assembly;14;14;14;14;14;7
2011-O26-Unicycler-assembly;15;15;15;15;14;7
2026-O145-unicycler-assembly;16;16;16;16;15;8
2039-O26_unicycler;17;17;17;17;14;7
2048-O145-unicycler-assembly;18;18;18;16;15;8
2142-O103_unicycler;19;19;19;18;16;9
2149-O103-unicycler-assembly;20;20;20;19;17;7
2206-Unicycler-assembly;21;21;21;20;18;10
2236-3b-Flye_assembly;22;22;22;21;14;7
2918-O145-Unicycler-assembly;23;23;23;22;19;8
3273-O103-flye-racon4-medaka-pilon;24;24;24;23;20;11
3313-O111_unicycler-assembly;25;25;25;24;21;12
3382-O103-flye-racon3-medaka-consensus;26;26;26;25;22;11
3383-O103-flye-racon-medaka-consensus;27;27;27;25;22;11
3383-O26b-flye-assembly-2;28;28;28;26;14;7
3430-O103-flye-racon-medaka-consensus;29;29;29;27;22;11
429-O26_unicycler;30;30;30;28;14;7
4747-O26_unicycler;31;31;31;14;14;7
6423-O26-pilon-canu;32;32;32;28;14;7
97HMPL449-unicycler-assembly;33;33;33;29;23;4
97HMPL473-Unicycler-Assembly;34;34;33;29;23;4
97HMPL650-unicycler-assembly;35;35;34;30;24;5
97HMPL652_unicycler;36;35;34;30;24;5
97HMPL657-flye-racon-medaka-pilon;37;36;35;31;23;4
97HMPL915-unicycler-assembly;38;37;36;32;25;1
98HMPL324-Canu-assembly;39;38;37;33;26;1
98HMPL325_unicycler;40;39;38;34;27;13
98HMPL475-unicycler-assembly;41;40;39;30;24;5
98HMPL479-unicycler;42;41;40;3;3;3
98HMPL487-Unicycler-assembly;43;42;41;35;23;4
Crl154393_unicycler;44;43;42;36;28;14
Crl154395_unicycler;45;44;43;37;28;14
Crl154397-Unicycler-assembly;46;45;44;36;28;14
Crl169922-Unicycler-assembly;47;46;45;38;29;1
Crl169937-Unicycler-assembly;48;47;46;39;30;15
CharO103-Unicycler-assembly;49;48;47;40;31;1
CharO157-pilon-medaka-racon-flye-assembly;50;49;48;37;28;14
EC14-Unicycler-assembly;51;50;49;33;26;1
ECA135-canu-pilon;52;51;50;41;32;1
ECA193-Unicycler-assembly;53;52;51;42;33;1
ECA194-Unicycler-assembly;54;53;52;43;34;1
ECA279_unicycler;55;54;53;44;35;1
ECA329-flye-racon2-medaka-consensus;56;55;54;45;36;1
ECA399-Unicycler-assembly;57;56;49;33;26;1
ECA400-pilon-canu;58;57;55;46;37;5
ECA447-Unicycler-assembly;59;58;56;47;38;1
ECA89-flye-assembly;60;59;57;48;39;16
ECA97-Unicycler-assembly2;61;60;58;49;40;5
Ecoli-12-1-canu-pilon;62;61;59;50;28;14
GCA_005383905.1_ASM538390v1_genomic;63;62;60;51;11;4
GCA_005384005.1_ASM538400v1_genomic;64;63;61;52;41;1
GCA_005384025.1_ASM538402v1_genomic;65;64;62;53;42;1
GCA_005384085.1_ASM538408v1_genomic;66;65;63;54;43;1
GCA_005384105.1_ASM538410v1_genomic;67;66;64;55;44;17
GCA_005384165.1_ASM538416v1_genomic;68;67;65;56;45;1
GCA_005384185.1_ASM538418v1_genomic;69;68;66;57;46;1
GCA_005384205.1_ASM538420v1_genomic;70;69;67;58;47;18
GCA_005384825.1_ASM538482v1_genomic;71;70;68;59;48;19
GCA_005387285.1_ASM538728v1_genomic;72;71;69;60;49;20
GCA_005387465.1_ASM538746v1_genomic;73;72;70;61;50;20
GCA_005388845.1_ASM538884v1_genomic;74;73;71;62;51;20
GCA_005390365.1_ASM539036v1_genomic;75;74;72;63;52;1
GCA_005390445.1_ASM539044v1_genomic;76;75;73;64;53;1
GCA_005390465.1_ASM539046v1_genomic;77;76;74;65;54;19
GCA_005390485.1_ASM539048v1_genomic;78;77;75;66;55;21
GCA_005390525.1_ASM539052v1_genomic;79;78;76;67;56;1
GCA_005390605.1_ASM539060v1_genomic;80;79;77;68;57;1
GCA_005390625.1_ASM539062v1_genomic;81;80;78;69;58;1
GCA_005390665.1_ASM539066v1_genomic;82;81;79;70;59;19
GCA_005390705.1_ASM539070v1_genomic;83;82;80;71;60;20
GCA_005390725.1_ASM539072v1_genomic;84;83;81;72;61;22
GCA_005390745.1_ASM539074v1_genomic;85;84;82;73;62;9
GCA_005390785.1_ASM539078v1_genomic;86;85;83;74;55;21
GCA_005390805.1_ASM539080v1_genomic;87;86;84;75;63;1
GCA_005390825.1_ASM539082v1_genomic;88;87;85;76;52;1
GCA_005390845.1_ASM539084v1_genomic;89;88;86;66;55;21
GCA_005390865.1_ASM539086v1_genomic;90;89;87;77;64;23
GCA_005390885.1_ASM539088v1_genomic;91;90;88;78;65;1
GCA_005390905.1_ASM539090v1_genomic;92;91;89;79;66;9
GCA_005391025.1_ASM539102v1_genomic;93;92;90;80;67;4
GCA_005391045.1_ASM539104v1_genomic;94;93;91;81;68;5
GCA_005391085.1_ASM539108v1_genomic;95;94;92;82;69;1
GCA_005391125.1_ASM539112v1_genomic;96;95;93;83;70;1
GCA_005391605.1_ASM539160v1_genomic;97;96;94;84;71;1
GCA_005391665.1_ASM539166v1_genomic;98;97;95;85;71;1
GCA_005391905.1_ASM539190v1_genomic;99;98;96;86;68;5
GCA_005391945.1_ASM539194v1_genomic;100;99;97;87;72;5
GCA_005391985.1_ASM539198v1_genomic;101;100;98;88;73;5
GCA_005392025.1_ASM539202v1_genomic;102;101;99;89;55;21
GCA_005392105.1_ASM539210v1_genomic;103;102;100;90;74;24
GCA_005392125.1_ASM539212v1_genomic;104;103;101;91;1;1
GCA_005392165.1_ASM539216v1_genomic;105;104;102;92;75;17
GCA_005392205.1_ASM539220v1_genomic;106;105;103;93;55;21
GCA_005392245.1_ASM539224v1_genomic;107;106;104;94;76;17
GCA_005392285.1_ASM539228v1_genomic;108;107;105;86;68;5
GCA_005392385.1_ASM539238v1_genomic;109;108;106;95;77;17
GCA_005392505.1_ASM539250v1_genomic;110;109;107;96;78;25
GCA_005392565.1_ASM539256v1_genomic;111;110;108;97;79;21
GCA_005392585.1_ASM539258v1_genomic;112;111;109;98;80;17
GCA_005392605.1_ASM539260v1_genomic;113;112;110;99;81;1
GCA_005392725.1_ASM539272v1_genomic;114;113;111;100;59;19
GCA_005392745.1_ASM539274v1_genomic;115;114;112;101;55;21
GCA_005392785.1_ASM539278v1_genomic;116;115;113;102;67;4
GCA_005392825.1_ASM539282v1_genomic;117;116;114;90;74;24
GCA_005392845.1_ASM539284v1_genomic;118;117;115;103;82;25
GCA_005392865.1_ASM539286v1_genomic;119;118;116;104;83;19
GCA_005392885.1_ASM539288v1_genomic;120;119;117;105;84;26
GCA_005392975.1_ASM539297v1_genomic;121;120;118;106;85;1
GCA_005393015.1_ASM539301v1_genomic;122;121;119;107;86;25
GCA_005393985.1_ASM539398v1_genomic;123;122;120;108;87;1
GCA_005394025.1_ASM539402v1_genomic;124;123;121;109;88;21
GCA_005394065.1_ASM539406v1_genomic;125;124;122;110;89;1
GCA_005394145.1_ASM539414v1_genomic;126;125;123;111;90;1
GCA_005394205.1_ASM539420v1_genomic;127;126;124;112;91;1
GCA_005394305.1_ASM539430v1_genomic;128;127;125;113;92;1
GCA_005394705.1_ASM539470v1_genomic;129;128;126;114;93;1
GCA_005394725.1_ASM539472v1_genomic;130;129;127;115;54;19
GCA_005394745.1_ASM539474v1_genomic;131;130;128;116;67;4
GCA_005394765.1_ASM539476v1_genomic;132;131;129;117;94;19
GCA_005394785.1_ASM539478v1_genomic;133;132;130;118;74;24
GCA_005394805.1_ASM539480v1_genomic;134;133;131;119;95;27
GCA_005394865.1_ASM539486v1_genomic;135;134;132;120;96;1
GCA_005394945.1_ASM539494v1_genomic;136;135;133;121;54;19
GCA_005394985.1_ASM539498v1_genomic;137;136;134;122;97;1
GCA_005395025.1_ASM539502v1_genomic;138;137;135;123;59;19
GCA_005395545.1_ASM539554v1_genomic;139;138;136;124;98;19
GCA_005395565.1_ASM539556v1_genomic;140;139;137;125;99;1
GCA_005395585.1_ASM539558v1_genomic;141;140;138;126;54;19
GCA_005395605.1_ASM539560v1_genomic;142;141;139;125;99;1
GCA_005395645.1_ASM539564v1_genomic;143;142;140;127;100;1
GCA_005395685.1_ASM539568v1_genomic;144;143;141;128;101;1
GCA_005395705.1_ASM539570v1_genomic;145;144;142;129;102;9
GCA_005395725.1_ASM539572v1_genomic;146;145;143;130;101;1
GCA_005395745.1_ASM539574v1_genomic;147;146;144;106;85;1
GCA_005395765.1_ASM539576v1_genomic;148;147;145;131;98;19
GCA_005395785.1_ASM539578v1_genomic;149;148;146;132;69;1
GCA_005395845.1_ASM539584v1_genomic;150;149;147;133;101;1
GCA_005395865.1_ASM539586v1_genomic;151;150;148;134;103;28
GCA_005395885.1_ASM539588v1_genomic;152;151;149;135;104;1
GCA_005395925.1_ASM539592v1_genomic;153;152;150;136;105;1
GCA_005396765.1_ASM539676v1_genomic;154;153;151;137;106;1
GCA_005396785.1_ASM539678v1_genomic;155;154;152;138;107;29
GCA_005396885.1_ASM539688v1_genomic;156;155;153;117;94;19
GCA_005396925.1_ASM539692v1_genomic;157;156;154;139;108;30
GCA_005397005.1_ASM539700v1_genomic;158;157;155;140;54;19
GCA_005397025.1_ASM539702v1_genomic;159;158;156;141;57;1
GCA_005397045.1_ASM539704v1_genomic;160;159;157;142;109;21
GCA_005397065.1_ASM539706v1_genomic;161;160;158;143;110;31
GCA_005397185.1_ASM539718v1_genomic;162;161;159;144;111;9
GCA_005397205.1_ASM539720v1_genomic;163;162;160;145;112;19
GCA_005397265.1_ASM539726v1_genomic;164;163;161;146;113;19
GCA_005397305.1_ASM539730v1_genomic;165;164;162;147;114;1
GCA_005397345.1_ASM539734v1_genomic;166;165;163;148;115;32
GCA_005397845.1_ASM539784v1_genomic;167;166;164;149;116;9
GCA_005398085.1_ASM539808v1_genomic;168;167;165;150;59;19
GCA_005398105.1_ASM539810v1_genomic;169;168;165;150;59;19
GCA_005398165.1_ASM539816v1_genomic;170;169;165;150;59;19
GCA_005399265.1_ASM539926v1_genomic;171;170;166;151;54;19
GCA_005399485.1_ASM539948v1_genomic;172;171;167;152;117;21
GCA_005400325.1_ASM540032v1_genomic;173;172;168;153;118;1
GCA_005400345.1_ASM540034v1_genomic;174;173;169;154;2;2
GCA_005400465.1_ASM540046v1_genomic;175;174;170;155;119;33
GCA_005400585.1_ASM540058v1_genomic;176;175;171;156;120;1
GCA_005400705.1_ASM540070v1_genomic;177;176;172;157;55;21
GCA_005400765.1_ASM540076v1_genomic;178;177;173;158;121;18
GCA_005402485.1_ASM540248v1_genomic;179;178;174;159;59;19
GCF_000513035.1_E._coli_O157_genomic;180;179;175;160;28;14
GCF_000695115.1_Ecoli97-3250v1_genomic;181;180;176;161;14;7
GCF_000695135.1_Ecoli97-3250v1_genomic;182;181;177;162;122;11
GCF_000695155.1_Ecoli4865_96v1_genomic;183;182;178;163;15;8
GCF_000695175.1_EcoliMI10-01v1_genomic;184;183;179;164;123;8
GCF_000747445.1_O157_09BKT048303_454_genomic;185;184;180;165;124;14
GCF_000747455.1_O157_T154306_454_genomic;186;185;181;166;28;14
GCF_000749545.1_ASM74954v1_genomic;187;186;182;167;125;1
GCF_000749565.1_ASM74956v1_genomic;188;187;183;168;126;1
GCF_000749575.1_ASM74957v1_genomic;189;188;184;169;127;1
GCF_000754845.1_ASM75484v1_genomic;190;189;185;170;128;1
GCF_000754855.1_ASM75485v1_genomic;191;190;186;171;129;34
GCF_000754865.1_ASM75486v1_genomic;192;191;187;172;130;35
GCF_000777095.1_ASM77709v1_genomic;193;192;188;173;131;15
GCF_000777355.1_ASM77735v1_genomic;194;193;189;174;132;1
GCF_000777655.1_ASM77765v1_genomic;195;194;190;175;133;36
GCF_000778285.1_ASM77828v1_genomic;196;195;191;176;134;1
GCF_000779295.1_ASM77929v1_genomic;197;196;192;177;135;20
GCF_000780895.1_ASM78089v1_genomic;198;197;193;178;136;1
GCF_000781075.1_ASM78107v1_genomic;199;198;194;179;137;1
GCF_000781115.1_ASM78111v1_genomic;200;199;195;180;138;37
GCF_000781435.1_ASM78143v1_genomic;201;200;196;181;139;1
GCF_000781455.1_ASM78145v1_genomic;202;201;197;182;140;38
GCF_000781595.1_ASM78159v1_genomic;203;202;198;183;141;39
GCF_000782035.1_ASM78203v1_genomic;204;203;199;184;142;39
GCF_000797735.1_Escherichia_coli_CVM_N33552PS_v._1.0_genomic;205;204;200;185;143;40
GCF_000797875.1_Escherichia_coli_CVM_N38833PS_v._1.0_genomic;206;205;201;186;61;22
GCF_000797995.1_Escherichia_coli_CVM_N36613PS_v._1.0_genomic;207;206;202;187;144;1
GCF_000798115.1_Escherichia_coli_CVM_N36393PS_v._1.0_genomic;208;207;203;188;145;9
GCF_000798195.1_Escherichia_coli_CVM_N33742PS_v._1.0_genomic;209;208;204;189;146;4
GCF_000800495.1_Escherichia_coli_CVM_N38823PS_v._1.0_genomic;210;209;205;190;61;22
GCF_000804345.1_ASM80434v1_genomic;211;210;206;191;147;1
GCF_000804365.1_ASM80436v1_genomic;212;211;207;192;148;15
GCF_000814145.2_ASM81414v2_genomic;213;212;208;193;149;1
GCF_000816865.1_ASM81686v2_genomic;214;213;209;194;150;41
GCF_000819015.1_Escherichia_coli_CVM_N33978PS_v1.0_genomic;215;214;210;195;54;19
GCF_000819285.1_Escherichia_coli_CVM_N38796PS_v1.0_genomic;216;215;211;196;75;17
GCF_000819305.1_Escherichia_coli_CVM_N36099PS_v1.0_genomic;217;216;212;197;73;5
GCF_000819375.1_Escherichia_coli_CVM_N33429PS_v1.0_genomic;218;217;213;198;151;4
GCF_000947935.1_ASM94793v1_genomic;219;218;214;199;152;42
GCF_000947945.1_ASM94794v1_genomic;219;218;214;199;152;42
GCF_000947975.1_ASM94797v1_genomic;220;219;215;199;152;42
GCF_000947995.1_ASM94799v1_genomic;221;219;215;199;152;42
GCF_000948055.1_ASM94805v1_genomic;222;219;215;199;152;42
GCF_000978845.1_ASM97884v1_genomic;223;220;216;200;153;14
GCF_001039075.2_ASM103907v2_genomic;224;221;217;201;14;7
GCF_001039125.2_ASM103912v2_genomic;225;222;218;201;14;7
GCF_001039145.2_ASM103914v2_genomic;226;223;219;202;154;21
GCF_001039205.2_ASM103920v2_genomic;227;224;220;203;88;21
GCF_001039215.2_ASM103921v2_genomic;228;225;221;204;88;21
GCF_001039225.2_ASM103922v2_genomic;229;226;222;205;88;21
GCF_001264215.1_ASM126421v1_genomic;230;227;223;206;11;4
GCF_001413995.1_ASM141399v1_genomic;231;228;224;207;155;1
GCF_001419885.1_ASM141988v1_genomic;232;229;225;208;156;43
GCF_001419895.1_ASM141989v1_genomic;233;230;226;209;157;1
GCF_001419925.1_ASM141992v1_genomic;234;231;227;210;158;1
GCF_001419965.1_ASM141996v1_genomic;235;232;228;211;159;44
GCF_001420065.1_ASM142006v1_genomic;236;233;229;212;160;1
GCF_001420075.1_ASM142007v1_genomic;237;234;230;213;161;45
GCF_001420125.1_ASM142012v1_genomic;238;235;231;214;162;1
GCF_001420135.1_ASM142013v1_genomic;239;236;232;215;163;1
GCF_001420165.1_ASM142016v1_genomic;240;237;233;216;164;1
GCF_001440045.1_ASM144004v1_genomic;241;238;234;217;28;14
GCF_001440355.1_ECO5_020_genomic;242;239;235;218;165;46
GCF_001440565.1_ASM144056v1_genomic;243;240;236;219;166;46
GCF_001440575.1_ASM144057v1_genomic;244;241;237;220;166;46
GCF_001440595.1_ASM144059v1_genomic;245;242;238;221;166;46
GCF_001440615.1_ASM144061v1_genomic;246;243;239;222;167;46
GCF_001440645.1_ASM144064v1_genomic;247;244;240;223;166;46
GCF_001440655.1_ASM144065v1_genomic;248;245;241;224;166;46
GCF_001440665.1_ASM144066v1_genomic;249;246;242;225;166;46
GCF_001440685.1_ASM144068v1_genomic;250;247;243;226;166;46
GCF_001440725.1_ASM144072v1_genomic;251;248;244;227;166;46
GCF_001440735.1_ASM144073v1_genomic;252;249;245;228;166;46
GCF_001440755.1_ASM144075v1_genomic;253;250;246;229;166;46
GCF_001440775.1_ASM144077v1_genomic;254;251;247;230;166;46
GCF_001440805.1_ASM144080v1_genomic;255;252;248;231;166;46
GCF_001445675.1_ASM144567v1_genomic;256;253;249;232;166;46
GCF_001455025.1_EC222071v1.0_genomic;257;254;250;233;168;12
GCF_001455035.2_EC22593v3_genomic;258;255;251;234;14;7
GCF_001469815.1_ASM146981v1_genomic;259;256;252;235;169;39
GCF_001484335.1_ASM148433v1_genomic;260;257;253;236;170;47
GCF_001484375.1_ASM148437v1_genomic;261;258;254;237;171;1
GCF_001484405.1_ASM148440v1_genomic;262;259;255;238;172;1
GCF_001484485.1_ASM148448v1_genomic;263;260;256;239;173;1
GCF_001519145.1_ASM151914v1_genomic;264;261;257;240;174;15
GCF_001519195.1_ASM151919v1_genomic;265;262;258;241;175;39
GCF_001519395.1_ASM151939v1_genomic;266;263;259;242;176;45
GCF_001519815.1_ASM151981v1_genomic;267;264;260;243;177;48
GCF_001520015.1_ASM152001v1_genomic;268;265;261;244;178;39
GCF_001520315.1_ASM152031v1_genomic;269;266;262;245;179;15
GCF_001563395.1_ASM156339v1_genomic;270;267;263;246;169;39
GCF_001563405.1_ASM156340v1_genomic;271;268;264;247;180;1
GCF_001571595.1_ASM157159v1_genomic;272;269;265;248;181;49
GCF_001571665.1_ASM157166v1_genomic;273;270;266;249;182;1
GCF_001571675.1_ASM157167v1_genomic;274;271;267;250;183;50
GCF_001571725.1_ASM157172v1_genomic;275;272;268;251;184;39
GCF_001571745.1_ASM157174v1_genomic;276;273;269;252;185;39
GCF_001571755.1_ASM157175v1_genomic;277;274;270;253;186;51
GCF_001575355.1_ASM157535v1_genomic;278;275;271;254;187;1
GCF_001575385.1_ASM157538v1_genomic;279;276;272;255;188;1
GCF_001575395.1_ASM157539v1_genomic;280;277;273;256;189;1
GCF_001575435.1_ASM157543v1_genomic;281;278;274;257;190;1
GCF_001575625.1_ASM157562v1_genomic;282;279;275;258;191;1
GCF_001575705.1_ASM157570v1_genomic;283;280;276;259;192;1
GCF_001576025.1_ASM157602v1_genomic;284;281;277;260;193;1
GCF_001576075.1_ASM157607v1_genomic;285;282;278;261;194;1
GCF_001576205.1_ASM157620v1_genomic;286;283;279;262;195;1
GCF_001576315.1_ASM157631v1_genomic;287;284;280;263;196;1
GCF_001614325.1_ASM161432v1_genomic;288;285;281;264;197;15
GCF_001614375.1_ASM161437v1_genomic;289;286;282;265;198;1
GCF_001614455.1_ASM161445v1_genomic;290;287;283;266;199;1
GCF_001614485.1_ASM161448v1_genomic;291;288;284;267;200;39
GCF_001614555.1_ASM161455v1_genomic;292;289;285;268;201;1
GCF_001614725.1_ASM161472v1_genomic;293;290;286;269;202;1
GCF_001614795.1_ASM161479v1_genomic;294;291;287;270;175;39
GCF_001614955.1_ASM161495v1_genomic;295;292;288;271;203;52
GCF_001615035.1_ASM161503v1_genomic;296;293;289;272;204;53
GCF_001615115.1_ASM161511v1_genomic;297;294;290;273;205;1
GCF_001615145.1_ASM161514v1_genomic;298;295;291;274;206;1
GCF_001615205.1_ASM161520v1_genomic;299;296;292;275;207;1
GCF_001615295.1_ASM161529v1_genomic;300;297;293;276;208;54
GCF_001615305.1_ASM161530v1_genomic;301;298;294;276;208;54
GCF_001615355.1_ASM161535v1_genomic;302;299;295;277;209;55
GCF_001615415.1_ASM161541v1_genomic;303;300;296;277;209;55
GCF_001615485.1_ASM161548v1_genomic;304;301;297;278;210;1
GCF_001615535.1_ASM161553v1_genomic;305;302;298;279;211;56
GCF_001615545.1_ASM161554v1_genomic;306;303;299;271;203;52
GCF_001615705.1_ASM161570v1_genomic;307;304;300;280;212;1
GCF_001615975.1_ASM161597v1_genomic;308;305;301;281;213;1
GCF_001616015.1_ASM161601v1_genomic;309;306;302;282;214;1
GCF_001616045.1_ASM161604v1_genomic;310;307;303;283;203;52
GCF_001616095.1_ASM161609v1_genomic;311;308;304;284;209;55
GCF_001616135.1_ASM161613v1_genomic;312;309;305;285;215;1
GCF_001616175.1_ASM161617v1_genomic;313;310;306;286;216;57
GCF_001616255.1_ASM161625v1_genomic;314;311;307;287;217;1
GCF_001616275.1_ASM161627v1_genomic;315;312;308;288;218;1
GCF_001616345.1_ASM161634v1_genomic;316;313;304;284;209;55
GCF_001616415.1_ASM161641v1_genomic;317;314;309;289;219;35
GCF_001616585.1_ASM161658v1_genomic;318;315;310;290;220;58
GCF_001616615.1_ASM161661v1_genomic;319;316;311;291;221;1
GCF_001616665.1_ASM161666v1_genomic;320;317;312;292;222;3
GCF_001616735.1_ASM161673v1_genomic;321;318;310;290;220;58
GCF_001616755.1_ASM161675v1_genomic;322;315;310;290;220;58
GCF_001617115.1_ASM161711v1_genomic;323;319;313;293;223;1
GCF_001617175.1_ASM161717v1_genomic;324;320;314;294;224;1
GCF_001617225.1_ASM161722v1_genomic;325;321;315;295;225;1
GCF_001617255.1_ASM161725v1_genomic;326;322;316;296;226;1
GCF_001619075.1_ASM161907v1_genomic;327;323;317;297;227;14
GCF_001619085.1_ASM161908v1_genomic;328;324;318;298;227;14
GCF_001619155.1_ASM161915v1_genomic;329;325;319;299;228;14
GCF_001619195.1_ASM161919v1_genomic;330;326;320;297;227;14
GCF_001619205.1_ASM161920v1_genomic;331;327;321;300;227;14
GCF_001621625.1_ASM162162v1_genomic;332;328;322;301;229;1
GCF_001650275.1_ASM165027v1_genomic;333;329;323;302;28;14
GCF_001650295.1_ASM165029v1_genomic;334;330;324;303;28;14
GCF_001654735.1_ASM165473v1_genomic;335;331;325;304;230;45
GCF_001677535.2_ASM167753v2_genomic;336;332;326;305;28;14
GCF_001677565.2_ASM167756v2_genomic;337;333;327;306;28;14
GCF_001677615.2_ASM167761v2_genomic;338;334;328;307;231;14
GCF_001677635.2_ASM167763v2_genomic;339;335;329;308;28;14
GCF_001677645.2_ASM167764v2_genomic;340;336;330;309;231;14
GCF_001677695.2_ASM167769v2_genomic;341;337;331;310;28;14
GCF_001677705.2_ASM167770v2_genomic;342;338;332;311;28;14
GCF_001677725.2_ASM167772v2_genomic;343;339;333;312;28;14
GCF_001677785.2_ASM167778v2_genomic;344;340;334;313;231;14
GCF_001677795.2_ASM167779v2_genomic;345;341;335;314;28;14
GCF_001677865.2_ASM167786v2_genomic;346;342;336;315;28;14
GCF_001677875.2_ASM167787v2_genomic;347;343;337;316;231;14
GCF_001692795.1_ASM169279v1_genomic;348;344;338;317;232;39
GCF_001696335.1_ASM169633v1_genomic;349;345;339;318;175;39
GCF_001696345.1_ASM169634v1_genomic;350;346;340;319;233;1
GCF_001700025.1_ASM170002v1_genomic;351;347;341;320;234;39
GCF_001700105.1_ASM170010v1_genomic;352;348;342;321;235;1
GCF_001758245.1_ASM175824v1_genomic;353;349;343;295;225;1
GCF_001881645.1_ASM188164v1_genomic;354;350;344;322;236;1
GCF_001900515.1_ASM190051v1_genomic;355;351;345;323;237;19
GCF_001900595.1_ASM190059v1_genomic;356;352;346;324;238;59
GCF_001901405.1_ASM190140v1_genomic;357;353;347;325;239;60
GCF_001901425.1_ASM190142v1_genomic;358;354;348;323;237;19
GCF_001907335.1_ASM190733v1_genomic;359;355;349;326;240;61
GCF_001907375.1_ASM190737v1_genomic;360;356;350;327;240;61
GCF_001907435.1_ASM190743v1_genomic;361;357;351;328;241;62
GCF_001907465.1_ASM190746v1_genomic;362;358;352;329;240;61
GCF_001907565.1_ASM190756v1_genomic;363;359;353;330;242;63
GCF_001910845.1_ASM191084v1_genomic;364;360;354;331;243;1
GCF_001910855.1_ASM191085v1_genomic;365;361;355;332;244;1
GCF_001910905.1_ASM191090v1_genomic;366;362;356;333;245;1
GCF_001910915.1_ASM191091v1_genomic;367;363;357;334;246;1
GCF_001911015.1_ASM191101v1_genomic;368;364;358;335;247;1
GCF_001911095.1_ASM191109v1_genomic;369;365;359;336;248;1
GCF_001911235.1_ASM191123v1_genomic;370;366;360;337;249;1
GCF_001911315.1_ASM191131v1_genomic;371;367;361;338;250;1
GCF_001911465.1_ASM191146v1_genomic;372;368;362;339;251;1
GCF_001911485.1_ASM191148v1_genomic;373;369;363;340;252;1
GCF_001911495.1_ASM191149v1_genomic;374;370;364;341;253;1
GCF_001911505.1_ASM191150v1_genomic;375;371;365;342;254;64
GCF_001911555.1_ASM191155v1_genomic;376;372;366;343;255;19
GCF_001911595.1_ASM191159v1_genomic;377;373;367;344;256;1
GCF_001911635.1_ASM191163v1_genomic;378;374;368;345;257;1
GCF_001911695.1_ASM191169v1_genomic;379;375;369;346;258;1
GCF_001911755.1_ASM191175v1_genomic;380;376;370;347;259;1
GCF_001911805.1_ASM191180v1_genomic;381;377;371;348;260;1
GCF_001911825.1_ASM191182v1_genomic;382;378;372;349;261;19
GCF_001911845.1_ASM191184v1_genomic;383;379;373;350;262;1
GCF_001911905.1_ASM191190v1_genomic;384;380;374;351;263;1
GCF_001911935.1_ASM191193v1_genomic;385;381;375;352;264;1
GCF_001911985.1_ASM191198v1_genomic;386;382;376;353;265;1
GCF_001912005.1_ASM191200v1_genomic;387;383;377;354;266;1
GCF_001912035.1_ASM191203v1_genomic;388;384;378;349;261;19
GCF_001912105.1_ASM191210v1_genomic;389;385;379;355;267;1
GCF_001912145.1_ASM191214v1_genomic;390;386;380;356;268;1
GCF_001912225.1_ASM191222v1_genomic;391;387;381;357;269;65
GCF_001912275.1_ASM191227v1_genomic;392;388;382;358;270;1
GCF_001912425.1_ASM191242v1_genomic;393;389;383;359;271;1
GCF_001912445.1_ASM191244v1_genomic;394;390;384;360;272;1
GCF_001912555.1_ASM191255v1_genomic;395;391;385;361;273;1
GCF_001942105.1_86J1_genomic;396;392;386;362;274;1
GCF_001957205.1_ASM195720v1_genomic;397;393;387;363;275;1
GCF_001970075.1_ASM197007v1_genomic;398;394;388;364;276;1
GCF_001982555.1_ASM198255v1_genomic;399;395;389;365;277;1
GCF_001990845.1_ASM199084v1_genomic;400;396;390;366;278;1
GCF_001990855.1_ASM199085v1_genomic;401;397;391;367;279;66
GCF_001990865.1_ASM199086v1_genomic;402;398;392;216;164;1
GCF_001990875.1_ASM199087v1_genomic;403;399;393;368;280;1
GCF_001990925.1_ASM199092v1_genomic;404;400;394;369;281;5
GCF_001990935.1_ASM199093v1_genomic;405;401;395;370;6;1
GCF_001990965.1_ASM199096v1_genomic;406;402;396;371;282;1
GCF_001994955.1_ASM199495v1_genomic;407;403;397;372;283;3
GCF_001994975.1_ASM199497v1_genomic;408;404;398;373;284;1
GCF_002001525.1_ASM200152v1_genomic;409;405;399;374;285;39
GCF_002001545.1_ASM200154v1_genomic;410;406;400;375;286;39
GCF_002001715.1_ASM200171v1_genomic;411;407;401;376;287;1
GCF_002001825.1_ASM200182v1_genomic;412;408;402;377;288;15
GCF_002001845.1_ASM200184v1_genomic;413;409;403;378;289;15
GCF_002001885.1_ASM200188v1_genomic;414;410;404;379;290;67
GCF_002001995.1_ASM200199v1_genomic;415;411;405;380;291;37
GCF_002002055.1_ASM200205v1_genomic;416;412;406;381;292;15
GCF_002002125.1_ASM200212v1_genomic;417;413;407;382;293;39
GCF_002002145.1_ASM200214v1_genomic;418;414;408;383;294;15
GCF_002002195.1_ASM200219v1_genomic;419;415;409;384;295;1
GCF_002002235.1_ASM200223v1_genomic;420;416;410;385;296;1
GCF_002002305.1_ASM200230v1_genomic;421;417;411;386;297;48
GCF_002002325.1_ASM200232v1_genomic;422;418;412;387;298;39
GCF_002002545.1_ASM200254v1_genomic;423;419;413;388;299;1
GCF_002002595.1_ASM200259v1_genomic;424;420;414;389;300;1
GCF_002002775.1_ASM200277v1_genomic;425;421;415;390;301;1
GCF_002002815.1_ASM200281v1_genomic;426;422;416;391;302;1
GCF_002015435.1_ASM201543v1_genomic;427;423;417;392;303;11
GCF_002015465.1_ASM201546v1_genomic;428;424;418;393;22;11
GCF_002015475.1_ASM201547v1_genomic;429;425;419;392;303;11
GCF_002015515.1_ASM201551v1_genomic;430;426;420;392;303;11
GCF_002015535.1_ASM201553v1_genomic;431;427;421;393;22;11
GCF_002015545.1_ASM201554v1_genomic;432;428;422;394;22;11
GCF_002015555.1_ASM201555v1_genomic;433;429;423;395;22;11
GCF_002015595.1_ASM201559v1_genomic;434;430;418;393;22;11
GCF_002015615.1_ASM201561v1_genomic;435;431;424;395;22;11
GCF_002015625.1_ASM201562v1_genomic;436;432;425;392;303;11
GCF_002015635.1_ASM201563v1_genomic;437;433;419;392;303;11
GCF_002015675.1_ASM201567v1_genomic;438;424;418;393;22;11
GCF_002015695.1_ASM201569v1_genomic;439;434;426;392;303;11
GCF_002015705.1_ASM201570v1_genomic;440;435;420;392;303;11
GCF_002015735.1_ASM201573v1_genomic;441;436;427;392;303;11
GCF_002015755.1_ASM201575v1_genomic;442;437;427;392;303;11
GCF_002015765.1_ASM201576v1_genomic;443;438;428;396;22;11
GCF_002015775.1_ASM201577v1_genomic;444;439;420;392;303;11
GCF_002015815.1_ASM201581v1_genomic;445;440;428;396;22;11
GCF_002015825.1_ASM201582v1_genomic;446;441;429;397;22;11
GCF_002015855.1_ASM201585v1_genomic;447;441;429;397;22;11
GCF_002015875.1_ASM201587v1_genomic;448;442;430;398;22;11
GCF_002015885.1_ASM201588v1_genomic;449;442;430;398;22;11
GCF_002015895.1_ASM201589v1_genomic;450;428;422;394;22;11
GCF_002015935.1_ASM201593v1_genomic;451;428;422;394;22;11
GCF_002015945.1_ASM201594v1_genomic;452;443;431;399;22;11
GCF_002015965.1_ASM201596v1_genomic;453;444;431;399;22;11
GCF_002015975.1_ASM201597v1_genomic;454;428;422;394;22;11
GCF_002016015.1_ASM201601v1_genomic;455;441;429;397;22;11
GCF_002016025.1_ASM201602v1_genomic;456;445;432;400;22;11
GCF_002016055.1_ASM201605v1_genomic;432;428;422;394;22;11
GCF_002016065.1_ASM201606v1_genomic;457;428;422;394;22;11
GCF_002016075.1_ASM201607v1_genomic;458;428;422;394;22;11
GCF_002016085.1_ASM201608v1_genomic;459;428;422;394;22;11
GCF_002016135.1_ASM201613v1_genomic;460;446;433;392;303;11
GCF_002016155.1_ASM201615v1_genomic;461;447;433;392;303;11
GCF_002016165.1_ASM201616v1_genomic;462;448;424;395;22;11
GCF_002016195.1_ASM201619v1_genomic;463;449;434;401;22;11
GCF_002016205.1_ASM201620v1_genomic;464;450;435;402;303;11
GCF_002016215.1_ASM201621v1_genomic;465;451;436;392;303;11
GCF_002016225.1_ASM201622v1_genomic;466;452;424;395;22;11
GCF_002016275.1_ASM201627v1_genomic;467;453;437;392;303;11
GCF_002016285.1_ASM201628v1_genomic;468;454;438;392;303;11
GCF_002080555.1_ASM208055v1_genomic;469;455;439;403;304;39
GCF_002080595.1_ASM208059v1_genomic;470;456;440;403;304;39
GCF_002080635.1_ASM208063v1_genomic;471;457;441;404;305;68
GCF_002109445.1_ASM210944v1_genomic;472;458;442;405;306;1
GCF_002133435.1_ASM213343v1_genomic;473;459;443;406;28;14
GCF_002133445.1_ASM213344v1_genomic;474;460;444;407;307;69
GCF_002133455.1_ASM213345v1_genomic;475;461;445;408;308;70
GCF_002133505.1_ASM213350v1_genomic;476;462;446;168;126;1
GCF_002133515.1_ASM213351v1_genomic;477;463;447;409;309;71
GCF_002133535.1_ASM213353v1_genomic;478;464;448;410;310;1
GCF_002133585.1_ASM213358v1_genomic;479;465;449;411;311;15
GCF_002133595.1_ASM213359v1_genomic;480;466;450;412;312;5
GCF_002133605.1_ASM213360v1_genomic;481;467;451;413;14;7
GCF_002133615.1_ASM213361v1_genomic;482;468;452;414;21;12
GCF_002133665.1_ASM213366v1_genomic;483;469;453;413;14;7
GCF_002133675.1_ASM213367v1_genomic;484;470;454;415;313;1
GCF_002133685.1_ASM213368v1_genomic;485;471;455;416;314;72
GCF_002133695.1_ASM213369v1_genomic;486;472;456;414;21;12
GCF_002133745.1_ASM213374v1_genomic;487;473;457;417;14;7
GCF_002133755.1_ASM213375v1_genomic;488;474;458;418;315;11
GCF_002133775.1_ASM213377v1_genomic;489;475;459;419;153;14
GCF_002133835.1_ASM213383v1_genomic;490;476;460;420;316;58
GCF_002133855.1_ASM213385v1_genomic;491;477;461;421;317;73
GCF_002133905.1_ASM213390v1_genomic;492;478;462;422;203;52
GCF_002133915.1_ASM213391v1_genomic;493;479;463;423;318;1
GCF_002133925.1_ASM213392v1_genomic;494;480;464;424;319;74
GCF_002133985.1_ASM213398v1_genomic;495;481;465;418;315;11
GCF_002134005.1_ASM213400v1_genomic;496;482;466;425;320;75
GCF_002134035.1_ASM213403v1_genomic;497;483;467;426;321;3
GCF_002134065.1_ASM213406v1_genomic;498;484;468;427;28;14
GCF_002134075.1_ASM213407v1_genomic;499;485;469;428;322;76
GCF_002134105.1_ASM213410v1_genomic;500;486;470;429;28;14
GCF_002134145.1_ASM213414v1_genomic;501;487;471;414;21;12
GCF_002134175.1_ASM213417v1_genomic;502;488;472;416;314;72
GCF_002134205.1_ASM213420v1_genomic;503;489;473;430;323;1
GCF_002134235.1_ASM213423v1_genomic;504;490;474;431;324;1
GCF_002134285.1_ASM213428v1_genomic;505;491;475;429;28;14
GCF_002134325.1_ASM213432v1_genomic;492;478;462;422;203;52
GCF_002134335.1_ASM213433v1_genomic;506;492;476;432;325;1
GCF_002134385.1_ASM213438v1_genomic;507;493;477;433;326;14
GCF_002134395.1_ASM213439v1_genomic;508;494;478;434;327;71
GCF_002134405.1_ASM213440v1_genomic;509;495;479;435;315;11
GCF_002134445.1_ASM213444v1_genomic;510;496;480;436;328;14
GCF_002134455.1_ASM213445v1_genomic;511;497;481;437;329;1
GCF_002134465.1_ASM213446v1_genomic;512;465;449;411;311;15
GCF_002134505.1_ASM213450v1_genomic;513;498;482;429;28;14
GCF_002134525.1_ASM213452v1_genomic;514;499;483;438;330;14
GCF_002134565.1_ASM213456v1_genomic;515;500;484;439;21;12
GCF_002134575.1_ASM213457v1_genomic;516;501;485;440;331;14
GCF_002134585.1_ASM213458v1_genomic;517;502;486;441;28;14
GCF_002134625.1_ASM213462v1_genomic;518;503;487;442;14;7
GCF_002134645.1_ASM213464v1_genomic;519;494;478;434;327;71
GCF_002134685.1_ASM213468v1_genomic;520;504;488;443;332;77
GCF_002134695.1_ASM213469v1_genomic;521;505;489;444;28;14
GCF_002134745.1_ASM213474v1_genomic;522;506;490;445;333;1
GCF_002142355.1_ASM214235v1_genomic;523;507;491;446;334;39
GCF_002142435.1_ASM214243v1_genomic;524;508;492;447;175;39
GCF_002142445.1_ASM214244v1_genomic;525;509;493;448;175;39
GCF_002190285.1_ASM219028v1_genomic;526;510;494;449;335;78
GCF_002190295.1_ASM219029v1_genomic;527;511;495;450;336;1
GCF_002190305.1_ASM219030v1_genomic;528;512;496;451;337;1
GCF_002190605.1_ASM219060v1_genomic;529;513;497;452;104;1
GCF_002190885.1_ASM219088v1_genomic;530;514;498;453;338;79
GCF_002191025.1_ASM219102v1_genomic;531;515;499;454;339;15
GCF_002191055.1_ASM219105v1_genomic;532;516;500;455;340;79
GCF_002194555.1_ASM219455v1_genomic;533;517;501;456;28;14
GCF_002194595.1_ASM219459v1_genomic;534;518;502;457;28;14
GCF_002194605.1_ASM219460v1_genomic;535;519;503;457;28;14
GCF_002194675.1_ASM219467v1_genomic;536;520;504;458;28;14
GCF_002194705.1_ASM219470v1_genomic;537;521;505;458;28;14
GCF_002194715.1_ASM219471v1_genomic;538;522;506;459;28;14
GCF_002195325.1_ASM219532v1_genomic;539;523;507;458;28;14
GCF_002195335.1_ASM219533v1_genomic;540;524;508;458;28;14
GCF_002195475.1_ASM219547v1_genomic;541;525;509;460;28;14
GCF_002195485.1_ASM219548v1_genomic;542;526;510;458;28;14
GCF_002195795.1_ASM219579v1_genomic;543;527;511;458;28;14
GCF_002198005.1_ASM219800v1_genomic;544;528;512;461;341;14
GCF_002268245.1_ASM226824v1_genomic;545;529;513;462;342;39
GCF_002284685.1_ASM228468v1_genomic;546;530;252;235;169;39
GCF_002302315.1_ASM230231v1_genomic;547;531;514;463;343;1
GCF_002302335.1_ASM230233v1_genomic;548;532;515;464;344;1
GCF_002307635.1_ASM230763v1_genomic;549;533;516;465;345;39
GCF_002353035.1_ASM235303v1_genomic;550;534;517;466;346;80
GCF_002353075.1_ASM235307v1_genomic;551;535;518;467;347;81
GCF_002379205.1_ASM237920v1_genomic;552;536;519;468;348;1
GCF_002379265.1_ASM237926v1_genomic;553;537;520;469;349;1
GCF_002379285.1_ASM237928v1_genomic;554;538;521;470;349;1
GCF_002379295.1_ASM237929v1_genomic;555;539;522;471;349;1
GCF_002379315.1_ASM237931v1_genomic;555;539;522;471;349;1
GCF_002507945.1_ASM250794v1_genomic;556;540;523;472;350;1
GCF_002507975.1_ASM250797v1_genomic;557;541;524;473;262;1
GCF_002507985.1_ASM250798v1_genomic;558;542;525;474;351;1
GCF_002530685.1_ASM253068v1_genomic;559;543;526;475;352;1
GCF_002530805.1_ASM253080v1_genomic;560;544;527;476;21;12
GCF_002530855.1_ASM253085v1_genomic;561;545;528;477;21;12
GCF_002530865.1_ASM253086v1_genomic;562;546;529;478;353;12
GCF_002530875.1_ASM253087v1_genomic;563;547;530;479;21;12
GCF_002530885.1_ASM253088v1_genomic;564;548;531;480;354;12
GCF_002530935.1_ASM253093v1_genomic;565;549;532;481;21;12
GCF_002530945.1_ASM253094v1_genomic;566;550;533;476;21;12
GCF_002530955.1_ASM253095v1_genomic;567;551;534;482;21;12
GCF_002530975.1_ASM253097v1_genomic;568;552;535;483;21;12
GCF_002531015.1_ASM253101v1_genomic;569;553;536;484;355;7
GCF_002531025.1_ASM253102v1_genomic;570;554;537;484;355;7
GCF_002531035.1_ASM253103v1_genomic;571;555;538;484;355;7
GCF_002531045.1_ASM253104v1_genomic;572;556;539;485;21;12
GCF_002531095.1_ASM253109v1_genomic;573;557;540;486;21;12
GCF_002531105.1_ASM253110v1_genomic;574;558;541;487;21;12
GCF_002531115.1_ASM253111v1_genomic;575;559;542;483;21;12
GCF_002531125.1_ASM253112v1_genomic;576;560;543;476;21;12
GCF_002531175.1_ASM253117v1_genomic;577;561;544;488;21;12
GCF_002531185.1_ASM253118v1_genomic;578;562;545;484;355;7
GCF_002531205.1_ASM253120v1_genomic;579;563;546;489;355;7
GCF_002531215.1_ASM253121v1_genomic;580;564;547;490;356;7
GCF_002531305.1_ASM253130v1_genomic;581;565;548;491;28;14
GCF_002531325.1_ASM253132v1_genomic;582;566;549;492;28;14
GCF_002531395.1_ASM253139v1_genomic;583;567;465;418;315;11
GCF_002531445.1_ASM253144v1_genomic;584;568;477;433;326;14
GCF_002531475.1_ASM253147v1_genomic;585;569;550;493;357;8
GCF_002531515.1_ASM253151v1_genomic;586;570;551;494;358;7
GCF_002531525.1_ASM253152v1_genomic;587;571;552;495;358;7
GCF_002734625.1_ASM273462v1_genomic;588;572;553;496;14;7
GCF_002734665.1_ASM273466v1_genomic;589;573;554;497;359;7
GCF_002734685.1_ASM273468v1_genomic;590;574;555;498;14;7
GCF_002734705.1_ASM273470v1_genomic;591;575;556;499;14;7
GCF_002734725.1_ASM273472v1_genomic;592;576;557;500;14;7
GCF_002734945.1_ASM273494v1_genomic;593;577;558;501;14;7
GCF_002735005.1_ASM273500v1_genomic;594;578;559;502;14;7
GCF_002735045.1_ASM273504v1_genomic;595;579;560;503;360;21
GCF_002735065.1_ASM273506v1_genomic;596;580;561;504;14;7
GCF_002735085.1_ASM273508v1_genomic;597;581;562;505;361;7
GCF_002735105.1_ASM273510v1_genomic;598;582;563;506;14;7
GCF_002735125.1_ASM273512v1_genomic;599;583;564;507;88;21
GCF_002735145.1_ASM273514v1_genomic;600;584;565;508;14;7
GCF_002735165.1_ASM273516v1_genomic;601;585;566;506;14;7
GCF_002735185.1_ASM273518v1_genomic;602;586;567;509;14;7
GCF_002735205.1_ASM273520v1_genomic;603;587;568;510;14;7
GCF_002761795.1_ASM276179v1_genomic;604;588;569;511;14;7
GCF_002761805.1_ASM276180v1_genomic;605;589;570;512;362;82
GCF_002764195.1_ASM276419v1_genomic;606;590;564;507;88;21
GCF_002764215.1_ASM276421v1_genomic;607;591;571;513;14;7
GCF_002764255.1_ASM276425v1_genomic;608;592;572;514;14;7
GCF_002764275.1_ASM276427v1_genomic;609;593;573;515;14;7
GCF_002764335.1_ASM276433v1_genomic;610;594;574;516;14;7
GCF_002764355.1_ASM276435v1_genomic;611;595;575;517;14;7
GCF_002764555.1_ASM276455v1_genomic;612;596;576;518;14;7
GCF_002764695.1_ASM276469v1_genomic;613;597;577;519;14;7
GCF_002765275.1_ASM276527v1_genomic;614;598;578;520;363;7
GCF_002765355.1_ASM276535v1_genomic;615;599;579;521;14;7
GCF_002765375.1_ASM276537v1_genomic;616;600;580;522;14;7
GCF_002765555.1_ASM276555v1_genomic;617;601;581;521;14;7
GCF_002765675.1_ASM276567v1_genomic;618;602;582;501;14;7
GCF_002766035.1_ASM276603v1_genomic;619;603;583;521;14;7
GCF_002766175.1_ASM276617v1_genomic;620;604;584;523;14;7
GCF_002766355.1_ASM276635v1_genomic;621;605;585;501;14;7
GCF_002766375.1_ASM276637v1_genomic;622;606;586;501;14;7
GCF_002766395.1_ASM276639v1_genomic;623;607;587;524;14;7
GCF_002766475.1_ASM276647v1_genomic;624;608;588;525;14;7
GCF_002766535.1_ASM276653v1_genomic;625;609;589;526;14;7
GCF_002766555.1_ASM276655v1_genomic;626;610;590;527;14;7
GCF_002766655.1_ASM276665v1_genomic;627;611;591;528;14;7
GCF_002767015.1_ASM276701v1_genomic;628;612;592;501;14;7
GCF_002767035.1_ASM276703v1_genomic;629;613;593;502;14;7
GCF_002767155.1_ASM276715v1_genomic;630;614;594;502;14;7
GCF_002767675.1_ASM276767v1_genomic;631;615;595;501;14;7
GCF_002768015.1_ASM276801v1_genomic;632;616;596;529;364;7
GCF_002768135.1_ASM276813v1_genomic;633;617;597;530;14;7
GCF_002768165.1_ASM276816v1_genomic;634;618;598;531;14;7
GCF_002768195.1_ASM276819v1_genomic;635;619;599;521;14;7
GCF_002768285.1_ASM276828v1_genomic;636;620;600;532;14;7
GCF_002768315.1_ASM276831v1_genomic;637;621;601;533;14;7
GCF_002768415.1_ASM276841v1_genomic;638;622;602;534;14;7
GCF_002768555.1_ASM276855v1_genomic;639;623;603;535;14;7
GCF_002768575.1_ASM276857v1_genomic;640;624;604;536;14;7
GCF_002768835.1_ASM276883v1_genomic;641;625;605;537;14;7
GCF_002768855.1_ASM276885v1_genomic;642;626;606;538;14;7
GCF_002768875.1_ASM276887v1_genomic;643;627;607;539;14;7
GCF_002769015.1_ASM276901v1_genomic;644;628;608;540;14;7
GCF_002769035.1_ASM276903v1_genomic;645;629;609;541;14;7
GCF_002769055.1_ASM276905v1_genomic;646;630;610;542;14;7
GCF_002769075.1_ASM276907v1_genomic;647;631;611;542;14;7
GCF_002769095.1_ASM276909v1_genomic;648;632;612;543;14;7
GCF_002769115.1_ASM276911v1_genomic;649;633;613;544;14;7
GCF_002769135.1_ASM276913v1_genomic;650;634;614;540;14;7
GCF_002769175.1_ASM276917v1_genomic;651;635;615;545;88;21
GCF_002769235.1_ASM276923v1_genomic;652;636;616;501;14;7
GCF_002769315.1_ASM276931v1_genomic;653;637;617;502;14;7
GCF_002769335.1_ASM276933v1_genomic;654;638;618;546;14;7
GCF_002769435.1_ASM276943v1_genomic;655;639;619;547;14;7
GCF_002769495.1_ASM276949v1_genomic;656;640;620;548;88;21
GCF_002769635.1_ASM276963v1_genomic;657;641;621;549;14;7
GCF_002769795.1_ASM276979v1_genomic;658;642;622;550;14;7
GCF_002769815.1_ASM276981v1_genomic;659;643;623;551;14;7
GCF_002769895.1_ASM276989v1_genomic;660;644;624;552;14;7
GCF_002769915.1_ASM276991v1_genomic;661;645;625;501;14;7
GCF_002769935.1_ASM276993v1_genomic;662;646;626;553;363;7
GCF_002770035.1_ASM277003v1_genomic;663;647;627;554;14;7
GCF_002770075.1_ASM277007v1_genomic;664;648;628;501;14;7
GCF_002770175.1_ASM277017v1_genomic;665;649;629;555;14;7
GCF_002770335.1_ASM277033v1_genomic;666;650;630;501;14;7
GCF_002770415.1_ASM277041v1_genomic;667;651;631;556;14;7
GCF_002770455.1_ASM277045v1_genomic;668;652;632;501;14;7
GCF_002810025.1_ASM281002v1_genomic;669;653;633;557;365;39
GCF_002810045.1_ASM281004v1_genomic;670;654;634;558;366;39
GCF_002810105.1_ASM281010v1_genomic;671;655;635;462;342;39
GCF_002810125.1_ASM281012v1_genomic;672;656;636;559;176;45
GCF_002810135.1_ASM281013v1_genomic;673;657;637;560;367;39
GCF_002810185.1_ASM281018v1_genomic;674;658;638;561;368;39
GCF_002909125.1_ASM290912v1_genomic;675;659;639;562;369;60
GCF_002917255.1_ASM291725v1_genomic;676;660;640;563;370;70
GCF_002917315.1_ASM291731v1_genomic;677;661;641;564;371;83
GCF_002917355.1_ASM291735v1_genomic;678;662;642;565;372;1
GCF_002917395.1_ASM291739v1_genomic;679;663;643;566;373;1
GCF_002917415.1_ASM291741v1_genomic;680;664;644;567;374;84
GCF_002917535.1_ASM291753v1_genomic;681;665;645;568;375;1
GCF_002917635.1_ASM291763v1_genomic;682;666;646;569;376;84
GCF_002917695.1_ASM291769v1_genomic;683;667;647;570;377;78
GCF_002923475.1_ASM292347v1_genomic;684;668;648;571;14;7
GCF_002923495.1_ASM292349v1_genomic;685;669;649;507;88;21
GCF_002923655.1_ASM292365v1_genomic;686;670;650;521;14;7
GCF_002923695.1_ASM292369v1_genomic;687;671;651;521;14;7
GCF_002923875.1_ASM292387v1_genomic;688;672;652;572;14;7
GCF_002923945.1_ASM292394v1_genomic;689;673;653;573;14;7
GCF_002924005.1_ASM292400v1_genomic;690;674;654;574;14;7
GCF_002924025.1_ASM292402v1_genomic;691;675;655;501;14;7
GCF_002924105.1_ASM292410v1_genomic;692;676;656;575;14;7
GCF_002926975.1_ASM292697v1_genomic;693;677;657;576;378;15
GCF_002927655.1_ASM292765v1_genomic;694;678;658;577;379;15
GCF_002927715.1_ASM292771v1_genomic;695;679;659;578;380;15
GCF_002927735.1_ASM292773v1_genomic;696;680;660;579;380;15
GCF_002930255.1_ASM293025v1_genomic;697;681;661;580;381;85
GCF_002942545.1_ASM294254v1_genomic;698;682;662;581;382;1
GCF_002942585.1_ASM294258v1_genomic;699;683;663;582;383;1
GCF_002942645.1_ASM294264v1_genomic;700;684;664;583;384;86
GCF_002942705.1_ASM294270v1_genomic;701;685;665;584;385;1
GCF_002942765.1_ASM294276v1_genomic;702;686;666;585;386;1
GCF_002949295.1_ASM294929v1_genomic;703;687;667;586;387;1
GCF_002951855.1_ASM295185v1_genomic;704;688;668;587;388;20
GCF_002993645.1_ASM299364v1_genomic;705;689;669;588;389;1
GCF_003008975.1_ASM300897v1_genomic;706;690;670;589;390;1
GCF_003009065.1_ASM300906v1_genomic;707;691;671;590;391;1
GCF_003009255.1_ASM300925v1_genomic;708;692;672;591;392;87
GCF_003009935.1_ASM300993v1_genomic;709;693;673;592;393;88
GCF_003027135.1_ASM302713v1_genomic;710;694;674;593;394;14
GCF_003027145.1_ASM302714v1_genomic;711;695;675;594;394;14
GCF_003027175.1_ASM302717v1_genomic;712;696;676;595;28;14
GCF_003027185.1_ASM302718v1_genomic;713;697;677;596;28;14
GCF_003027215.1_ASM302721v1_genomic;714;698;678;595;28;14
GCF_003027235.1_ASM302723v1_genomic;715;699;679;597;28;14
GCF_003027255.1_ASM302725v1_genomic;716;700;680;598;28;14
GCF_003027285.1_ASM302728v1_genomic;717;701;681;599;28;14
GCF_003027315.1_ASM302731v1_genomic;718;702;682;600;28;14
GCF_003027325.1_ASM302732v1_genomic;719;703;683;601;28;14
GCF_003027335.1_ASM302733v1_genomic;720;704;684;595;28;14
GCF_003027355.1_ASM302735v1_genomic;721;705;685;602;28;14
GCF_003027395.1_ASM302739v1_genomic;722;706;686;603;28;14
GCF_003027415.1_ASM302741v1_genomic;723;707;687;604;28;14
GCF_003027915.1_ASM302791v1_genomic;724;708;688;605;395;89
GCF_003027955.1_ASM302795v1_genomic;725;709;689;606;395;89
GCF_003027965.1_ASM302796v1_genomic;726;710;690;607;395;89
GCF_003027995.1_ASM302799v1_genomic;727;711;691;608;395;89
GCF_003028015.1_ASM302801v1_genomic;728;712;692;609;395;89
GCF_003028035.1_ASM302803v1_genomic;729;713;693;610;395;89
GCF_003028045.1_ASM302804v1_genomic;730;714;694;611;395;89
GCF_003028075.1_ASM302807v1_genomic;731;715;695;612;395;89
GCF_003028095.1_ASM302809v1_genomic;732;716;696;613;395;89
GCF_003028115.1_ASM302811v1_genomic;733;717;697;614;395;89
GCF_003028135.1_ASM302813v1_genomic;734;718;698;615;395;89
GCF_003028145.1_ASM302814v1_genomic;735;719;699;616;395;89
GCF_003028175.1_ASM302817v1_genomic;736;720;700;617;395;89
GCF_003028195.1_ASM302819v1_genomic;737;721;701;612;395;89
GCF_003028205.1_ASM302820v1_genomic;738;722;702;618;395;89
GCF_003028245.1_ASM302824v1_genomic;739;723;703;619;395;89
GCF_003028275.1_ASM302827v1_genomic;740;724;704;620;395;89
GCF_003048005.1_ASM304800v1_genomic;741;725;705;621;217;1
GCF_003048015.1_ASM304801v1_genomic;742;726;706;622;396;1
GCF_003048105.1_ASM304810v1_genomic;743;727;707;623;397;1
GCF_003048145.1_ASM304814v1_genomic;744;728;708;624;398;1
GCF_003113055.1_ASM311305v1_genomic;745;729;709;625;361;7
GCF_003113415.1_ASM311341v1_genomic;746;730;710;626;399;7
GCF_003113555.1_ASM311355v1_genomic;747;731;711;627;400;7
GCF_003113635.1_ASM311363v1_genomic;748;732;712;628;14;7
GCF_003113735.1_ASM311373v1_genomic;749;733;713;629;14;7
GCF_003113855.1_ASM311385v1_genomic;750;734;714;630;14;7
GCF_003144965.1_ASM314496v1_genomic;751;735;715;631;401;1
GCF_003145295.1_ASM314529v1_genomic;752;736;716;632;402;1
GCF_003145795.1_ASM314579v1_genomic;753;737;717;633;403;1
GCF_003145945.1_ASM314594v1_genomic;754;738;718;634;404;1
GCF_003146255.1_ASM314625v1_genomic;755;739;719;635;405;1
GCF_003146345.1_ASM314634v1_genomic;756;740;720;636;406;1
GCF_003146415.1_ASM314641v1_genomic;757;741;721;637;407;90
GCF_003146525.1_ASM314652v1_genomic;758;742;722;638;408;1
GCF_003243675.1_ASM324367v1_genomic;759;743;723;639;409;1
GCF_003255085.1_ASM325508v1_genomic;760;744;724;640;361;7
GCF_003255095.1_ASM325509v1_genomic;761;745;725;641;361;7
GCF_003255105.1_ASM325510v1_genomic;762;746;726;641;361;7
GCF_003255115.1_ASM325511v1_genomic;763;747;727;642;361;7
GCF_003255165.1_ASM325516v1_genomic;764;748;728;641;361;7
GCF_003255175.1_ASM325517v1_genomic;765;749;729;643;361;7
GCF_003255185.1_ASM325518v1_genomic;766;750;730;644;361;7
GCF_003255195.1_ASM325519v1_genomic;767;751;731;641;361;7
GCF_003255245.1_ASM325524v1_genomic;768;752;732;642;361;7
GCF_003255255.1_ASM325525v1_genomic;769;753;733;645;361;7
GCF_003255265.1_ASM325526v1_genomic;770;754;734;646;14;7
GCF_003255275.1_ASM325527v1_genomic;771;755;735;647;14;7
GCF_003255325.1_ASM325532v1_genomic;772;756;736;642;361;7
GCF_003255335.1_ASM325533v1_genomic;773;757;737;641;361;7
GCF_003255345.1_ASM325534v1_genomic;774;758;738;642;361;7
GCF_003255355.1_ASM325535v1_genomic;775;759;739;648;361;7
GCF_003255405.1_ASM325540v1_genomic;776;760;740;649;361;7
GCF_003255415.1_ASM325541v1_genomic;777;761;741;650;361;7
GCF_003255425.1_ASM325542v1_genomic;778;762;742;651;361;7
GCF_003255465.1_ASM325546v1_genomic;779;763;743;652;14;7
GCF_003255475.1_ASM325547v1_genomic;780;764;744;641;361;7
GCF_003255495.1_ASM325549v1_genomic;781;765;745;641;361;7
GCF_003255505.1_ASM325550v1_genomic;782;766;746;642;361;7
GCF_003255545.1_ASM325554v1_genomic;783;767;747;653;361;7
GCF_003255555.1_ASM325555v1_genomic;784;768;748;642;361;7
GCF_003255565.1_ASM325556v1_genomic;785;769;749;641;361;7
GCF_003255575.1_ASM325557v1_genomic;786;770;750;654;361;7
GCF_003255625.1_ASM325562v1_genomic;787;771;751;655;361;7
GCF_003255635.1_ASM325563v1_genomic;788;772;752;656;361;7
GCF_003255645.1_ASM325564v1_genomic;789;773;753;657;14;7
GCF_003255655.1_ASM325565v1_genomic;790;774;754;658;14;7
GCF_003255705.1_ASM325570v1_genomic;791;775;755;659;410;7
GCF_003268735.1_ASM326873v1_genomic;792;776;756;660;411;15
GCF_003290515.1_ASM329051v1_genomic;793;777;757;661;412;1
GCF_003290535.1_ASM329053v1_genomic;794;778;758;662;413;91
GCF_003290605.1_ASM329060v1_genomic;795;779;759;663;414;60
GCF_003290785.1_ASM329078v1_genomic;796;780;760;664;415;1
GCF_003290845.1_ASM329084v1_genomic;797;781;761;665;416;1
GCF_003291015.1_ASM329101v1_genomic;798;782;762;666;417;1
GCF_003291235.1_ASM329123v1_genomic;799;783;763;667;418;1
GCF_003291285.1_ASM329128v1_genomic;800;784;764;668;419;1
GCF_003291305.1_ASM329130v1_genomic;801;785;765;669;420;92
GCF_003291315.1_ASM329131v1_genomic;802;786;766;670;421;1
GCF_003291535.1_ASM329153v1_genomic;803;787;767;671;422;1
GCF_003291615.1_ASM329161v1_genomic;804;788;768;672;423;93
GCF_003291655.1_ASM329165v1_genomic;805;789;769;673;424;1
GCF_003291745.1_ASM329174v1_genomic;806;790;770;674;425;94
GCF_003291995.1_ASM329199v1_genomic;807;791;771;675;426;95
GCF_003292055.1_ASM329205v1_genomic;808;792;772;676;212;1
GCF_003292315.1_ASM329231v1_genomic;809;793;773;677;427;15
GCF_003292595.1_ASM329259v1_genomic;810;794;774;678;428;1
GCF_003292635.1_ASM329263v1_genomic;811;795;775;679;429;1
GCF_003292735.1_ASM329273v1_genomic;812;796;776;680;430;1
GCF_003292935.1_ASM329293v1_genomic;813;797;777;681;431;1
GCF_003292975.1_ASM329297v1_genomic;814;798;778;682;432;96
GCF_003292995.1_ASM329299v1_genomic;815;799;779;683;433;1
GCF_003293145.1_ASM329314v1_genomic;816;800;780;684;434;1
GCF_003293225.1_ASM329322v1_genomic;817;801;781;685;435;1
GCF_003293445.1_ASM329344v1_genomic;818;802;782;686;436;1
GCF_003301685.1_ASM330168v1_genomic;819;803;783;687;437;1
GCF_003302125.1_ASM330212v1_genomic;820;804;784;688;438;1
GCF_003302635.1_ASM330263v1_genomic;821;805;785;689;439;1
GCF_003302825.1_ASM330282v1_genomic;822;806;786;690;440;1
GCF_003303065.1_ASM330306v1_genomic;823;807;787;691;441;1
GCF_003303655.1_ASM330365v1_genomic;824;808;788;692;442;97
GCF_003304035.1_ASM330403v1_genomic;825;809;789;693;443;1
GCF_003304225.1_ASM330422v1_genomic;826;810;790;694;444;1
GCF_003304335.1_ASM330433v1_genomic;827;811;791;695;104;1
GCF_003304815.1_ASM330481v1_genomic;828;812;792;696;445;1
GCF_003304905.1_ASM330490v1_genomic;829;813;793;697;446;1
GCF_003304915.1_ASM330491v1_genomic;830;814;794;698;447;1
GCF_003305005.1_ASM330500v1_genomic;831;815;795;699;217;1
GCF_003327865.1_ASM332786v1_genomic;832;816;796;700;448;1
GCF_003328015.1_ASM332801v1_genomic;833;817;797;701;384;86
GCF_003328145.1_ASM332814v1_genomic;834;818;798;702;449;1
GCF_003328195.1_ASM332819v1_genomic;835;819;799;703;450;1
GCF_003337025.1_ASM333702v1_genomic;836;820;800;704;451;48
GCF_003337075.1_ASM333707v1_genomic;837;821;801;705;452;1
GCF_003347195.1_ASM334719v1_genomic;838;822;802;706;453;14
GCF_003347215.1_ASM334721v1_genomic;839;823;803;706;453;14
GCF_003347255.1_ASM334725v1_genomic;840;824;804;706;453;14
GCF_003368435.2_ASM336843v2_genomic;841;825;805;707;28;14
GCF_003368495.2_ASM336849v2_genomic;842;826;806;708;28;14
GCF_003368525.2_ASM336852v2_genomic;843;825;805;707;28;14
GCF_003388275.1_ASM338827v1_genomic;844;827;807;709;225;1
GCF_003389015.1_ASM338901v1_genomic;845;828;808;710;454;78
GCF_003389095.1_ASM338909v1_genomic;846;829;809;711;455;1
GCF_003546245.1_ASM354624v1_genomic;847;830;810;712;147;1
GCF_003546265.1_ASM354626v1_genomic;848;831;811;713;456;1
GCF_003591355.1_ASM359135v1_genomic;849;832;812;714;74;24
GCF_003591435.1_ASM359143v1_genomic;850;833;813;715;457;1
GCF_003605675.1_ASM360567v1_genomic;851;834;814;716;203;52
GCF_003605685.1_ASM360568v1_genomic;852;835;815;717;458;57
GCF_003651265.1_ASM365126v1_genomic;853;836;816;718;459;98
GCF_003651285.1_ASM365128v1_genomic;854;837;817;719;460;99
GCF_003651325.1_ASM365132v1_genomic;855;838;818;720;104;1
GCF_003651345.1_ASM365134v1_genomic;856;839;819;721;461;100
GCF_003651355.1_ASM365135v1_genomic;857;840;820;722;462;20
GCF_003651375.1_ASM365137v1_genomic;858;841;821;723;463;101
GCF_003651405.1_ASM365140v1_genomic;859;842;822;724;88;21
GCF_003651425.1_ASM365142v1_genomic;860;843;823;725;464;100
GCF_003686355.1_ASM368635v1_genomic;861;844;824;726;217;1
GCF_003686425.1_ASM368642v1_genomic;862;845;825;727;465;1
GCF_003686445.1_ASM368644v1_genomic;863;846;826;728;466;1
GCF_003686745.1_ASM368674v1_genomic;864;847;827;729;467;1
GCF_003686835.1_ASM368683v1_genomic;865;848;828;730;468;102
GCF_003686845.1_ASM368684v1_genomic;866;849;829;731;469;103
GCF_003721655.1_ASM372165v1_genomic;867;850;830;732;470;9
GCF_003721685.1_ASM372168v1_genomic;868;851;831;732;470;9
GCF_003721715.1_ASM372171v1_genomic;869;852;832;733;471;104
GCF_003721735.1_ASM372173v1_genomic;870;853;833;734;472;105
GCF_003721795.1_ASM372179v1_genomic;871;854;834;735;473;106
GCF_003721835.1_ASM372183v1_genomic;872;855;835;736;164;1
GCF_003721895.1_ASM372189v1_genomic;873;856;832;733;471;104
GCF_003721935.1_ASM372193v1_genomic;874;857;836;737;474;1
GCF_003721955.1_ASM372195v1_genomic;875;858;837;732;470;9
GCF_003721975.1_ASM372197v1_genomic;876;859;838;738;475;1
GCF_003721995.1_ASM372199v1_genomic;877;860;839;732;470;9
GCF_003722015.1_ASM372201v1_genomic;878;861;840;739;476;1
GCF_003722035.1_ASM372203v1_genomic;879;862;841;740;477;9
GCF_003856575.1_ASM385657v1_genomic;880;863;842;741;456;1
GCF_003856675.1_ASM385667v1_genomic;881;864;843;742;478;15
GCF_003956245.1_ASM395624v1_genomic;882;865;844;743;479;107
GCF_003966425.1_ASM396642v1_genomic;883;866;845;744;21;12
GCF_003966445.1_ASM396644v1_genomic;884;867;846;745;21;12
GCF_003966465.1_ASM396646v1_genomic;885;868;847;746;14;7
GCF_003980375.1_ASM398037v1_genomic;886;869;848;747;480;108
GCF_003981235.1_ASM398123v1_genomic;887;870;849;748;481;1
GCF_003982255.1_ASM398225v1_genomic;888;871;850;749;482;1
GCF_003982535.1_ASM398253v1_genomic;889;872;851;750;483;1
GCF_003982545.1_ASM398254v1_genomic;890;873;852;751;484;1
GCF_003982555.1_ASM398255v1_genomic;891;874;853;752;485;1
GCF_003982675.1_ASM398267v1_genomic;892;875;854;753;486;15
GCF_003983445.1_ASM398344v1_genomic;893;876;855;754;487;1
GCF_003983655.1_ASM398365v1_genomic;894;877;856;755;488;1
GCF_003983685.1_ASM398368v1_genomic;895;878;857;756;343;1
GCF_003984025.1_ASM398402v1_genomic;896;879;858;757;489;1
GCF_003984075.1_ASM398407v1_genomic;897;880;849;748;481;1
GCF_003984445.1_ASM398444v1_genomic;898;881;859;748;481;1
GCF_003984485.1_ASM398448v1_genomic;899;882;860;758;490;109
GCF_003999775.1_ASM399977v1_genomic;900;883;861;759;491;39
GCF_004100385.1_ASM410038v1_genomic;901;884;862;760;492;110
GCF_004100535.1_ASM410053v1_genomic;902;885;863;761;493;1
GCF_004100615.1_ASM410061v1_genomic;903;886;864;762;494;1
GCF_004100745.1_ASM410074v1_genomic;904;887;865;763;495;1
GCF_004282325.1_ASM428232v1_genomic;905;888;866;764;496;1
GCF_004282415.1_ASM428241v1_genomic;906;889;867;765;497;1
GCF_004282455.1_ASM428245v1_genomic;907;890;868;766;498;1
GCF_004282465.1_ASM428246v1_genomic;908;891;869;767;499;86
GCF_004282595.1_ASM428259v1_genomic;909;892;870;768;175;39
GCF_004282635.1_ASM428263v1_genomic;910;893;871;769;500;1
GCF_004282685.1_ASM428268v1_genomic;911;894;872;731;469;103
GCF_004283435.1_ASM428343v1_genomic;912;895;873;770;225;1
GCF_004283475.1_ASM428347v1_genomic;913;896;874;771;501;1
GCF_004283625.1_ASM428362v1_genomic;914;897;875;772;175;39
GCF_004283675.1_ASM428367v1_genomic;915;898;876;773;502;1
GCF_004283715.1_ASM428371v1_genomic;916;899;877;774;299;1
GCF_004283935.1_ASM428393v1_genomic;917;900;878;775;503;1
GCF_004284095.1_ASM428409v1_genomic;918;901;879;776;504;111
GCF_004284145.1_ASM428414v1_genomic;919;902;880;777;505;39
GCF_004284265.1_ASM428426v1_genomic;920;903;881;778;506;1
GCF_004284435.1_ASM428443v1_genomic;921;904;882;779;175;39
GCF_004301465.1_ASM430146v1_genomic;922;905;883;780;507;1
GCF_004353315.1_ASM435331v1_genomic;923;906;884;781;184;39
GCF_004377895.1_ASM437789v1_genomic;924;907;885;782;508;1
GCF_004377905.1_ASM437790v1_genomic;925;908;886;783;509;84
GCF_004377955.1_ASM437795v1_genomic;926;909;887;784;510;1
GCF_004378015.1_ASM437801v1_genomic;927;910;888;785;511;1
GCF_004378085.1_ASM437808v1_genomic;928;911;889;786;512;112
GCF_004380145.1_ASM438014v1_genomic;929;912;890;787;513;32
GCF_004380155.1_ASM438015v1_genomic;930;913;891;788;514;1
GCF_004380175.1_ASM438017v1_genomic;931;914;892;789;515;86
GCF_004380285.1_ASM438028v1_genomic;932;915;893;790;516;1
GCF_004380335.1_ASM438033v1_genomic;933;916;894;791;517;1
GCF_004380635.1_ASM438063v1_genomic;934;917;895;792;518;1
GCF_004380645.1_ASM438064v1_genomic;935;918;896;793;177;48
GCF_004380655.1_ASM438065v1_genomic;936;919;897;794;478;15
GCF_004380805.1_ASM438080v1_genomic;937;920;898;795;519;15
GCF_004564035.1_ASM456403v1_genomic;938;921;899;796;520;39
GCF_004566475.1_ASM456647v1_genomic;939;922;900;797;521;1
GCF_004566565.1_ASM456656v1_genomic;940;923;901;798;522;15
GCF_004566905.1_ASM456690v1_genomic;941;924;902;799;523;15
GCF_004567855.1_ASM456785v1_genomic;942;925;903;800;50;20
GCF_004567865.1_ASM456786v1_genomic;943;926;904;801;524;39
GCF_004767235.1_ASM476723v1_genomic;944;927;905;802;525;1
GCF_004767305.1_ASM476730v1_genomic;945;928;906;803;526;113
GCF_004767345.1_ASM476734v1_genomic;946;929;907;804;527;1
GCF_004767465.1_ASM476746v1_genomic;947;930;908;805;528;1
GCF_004767495.1_ASM476749v1_genomic;948;931;909;806;529;1
GCF_004767855.1_ASM476785v1_genomic;949;932;910;807;530;1
GCF_004960025.1_ASM496002v1_genomic;950;933;911;808;531;1
GCF_004960225.1_ASM496022v1_genomic;951;934;912;809;175;39
GCF_004960325.1_ASM496032v1_genomic;952;935;913;810;175;39
GCF_004960425.1_ASM496042v1_genomic;953;936;914;811;532;39
GCF_004960925.1_ASM496092v1_genomic;954;937;915;812;533;39
GCF_004960955.1_ASM496095v1_genomic;955;938;916;813;534;39
GCF_004961025.1_ASM496102v1_genomic;956;939;917;814;175;39
GCF_005221565.1_ASM522156v1_genomic;957;940;918;815;28;14
GCF_005221585.1_ASM522158v1_genomic;958;941;919;816;28;14
GCF_005221725.1_ASM522172v1_genomic;959;942;920;817;28;14
GCF_005221885.1_ASM522188v1_genomic;960;943;921;818;28;14
GCF_005222345.1_ASM522234v1_genomic;961;944;922;217;28;14
GCF_005222365.1_ASM522236v1_genomic;962;945;923;217;28;14
GCF_005380505.1_ASM538050v1_genomic;963;946;924;819;314;72
GCF_005380525.1_ASM538052v1_genomic;964;947;924;819;314;72
GCF_005380545.1_ASM538054v1_genomic;965;948;925;819;314;72
GCF_005380565.1_ASM538056v1_genomic;966;949;926;819;314;72
GCF_005380585.1_ASM538058v1_genomic;967;950;924;819;314;72
GCF_005380605.1_ASM538060v1_genomic;968;951;927;819;314;72
GCF_005380625.1_ASM538062v1_genomic;969;952;924;819;314;72
GCF_005380645.1_ASM538064v1_genomic;970;953;928;819;314;72
GCF_005380665.1_ASM538066v1_genomic;971;954;929;819;314;72
GCF_005380685.1_ASM538068v1_genomic;972;955;930;819;314;72
GCF_005380705.1_ASM538070v1_genomic;973;956;931;819;314;72
GCF_005380745.1_ASM538074v1_genomic;974;957;924;819;314;72
GCF_005380765.1_ASM538076v1_genomic;975;958;932;819;314;72
GCF_005380785.1_ASM538078v1_genomic;976;959;932;819;314;72
GCF_005380805.1_ASM538080v1_genomic;977;960;932;819;314;72
GCF_005380845.1_ASM538084v1_genomic;978;961;932;819;314;72
GCF_005380865.1_ASM538086v1_genomic;979;962;933;819;314;72
GCF_005380885.1_ASM538088v1_genomic;980;960;932;819;314;72
GCF_005380905.1_ASM538090v1_genomic;981;963;932;819;314;72
GCF_005380925.1_ASM538092v1_genomic;982;964;934;819;314;72
GCF_005380945.1_ASM538094v1_genomic;983;965;932;819;314;72
GCF_005380965.1_ASM538096v1_genomic;984;966;932;819;314;72
GCF_005380985.1_ASM538098v1_genomic;985;967;932;819;314;72
GCF_005381005.1_ASM538100v1_genomic;986;968;932;819;314;72
GCF_005381025.1_ASM538102v1_genomic;987;969;932;819;314;72
GCF_005381045.1_ASM538104v1_genomic;988;970;932;819;314;72
GCF_005381065.1_ASM538106v1_genomic;989;969;932;819;314;72
GCF_005381085.1_ASM538108v1_genomic;990;971;932;819;314;72
GCF_005381105.1_ASM538110v1_genomic;991;972;932;819;314;72
GCF_005381125.1_ASM538112v1_genomic;992;973;924;819;314;72
GCF_005381145.1_ASM538114v1_genomic;993;974;932;819;314;72
GCF_005381165.1_ASM538116v1_genomic;994;975;924;819;314;72
GCF_005381185.1_ASM538118v1_genomic;995;976;935;820;314;72
GCF_005381205.1_ASM538120v1_genomic;996;977;932;819;314;72
GCF_005381225.1_ASM538122v1_genomic;997;978;932;819;314;72
GCF_005381245.1_ASM538124v1_genomic;998;979;932;819;314;72
GCF_005381265.1_ASM538126v1_genomic;999;980;924;819;314;72
GCF_005381285.1_ASM538128v1_genomic;1000;981;932;819;314;72
GCF_005381305.1_ASM538130v1_genomic;1001;982;932;819;314;72
GCF_005381325.1_ASM538132v1_genomic;1002;983;936;819;314;72
GCF_005381345.1_ASM538134v1_genomic;1003;984;937;819;314;72
GCF_005381365.1_ASM538136v1_genomic;1004;985;924;819;314;72
GCF_006148875.1_ASM614887v1_genomic;1005;986;938;821;535;19
GCF_006350035.1_ASM635003v1_genomic;1006;987;939;822;536;1
GCF_006350065.1_ASM635006v1_genomic;1007;988;940;823;537;1
GCF_006351525.1_ASM635152v1_genomic;1008;989;941;824;538;1
GCF_006543055.1_ASM654305v1_genomic;1009;990;942;235;169;39
GCF_007826925.1_ASM782692v1_genomic;1010;991;943;825;539;39
GCF_008180225.1_ASM818022v1_genomic;1011;992;944;826;242;63
GCF_008180245.1_ASM818024v1_genomic;1012;993;945;827;176;45
GCF_008370755.1_ASM837075v1_genomic;1013;994;946;828;540;19
GCF_008373455.1_ASM837345v1_genomic;1014;995;947;829;541;1
GCF_008373635.1_ASM837363v1_genomic;1015;996;948;830;542;1
GCF_008633505.1_ASM863350v1_genomic;1016;997;949;831;15;8
GCF_008633525.1_ASM863352v1_genomic;1017;998;950;831;15;8
GCF_008633545.1_ASM863354v1_genomic;1018;999;951;831;15;8
GCF_008633565.1_ASM863356v1_genomic;1019;1000;952;832;15;8
GCF_008633585.1_ASM863358v1_genomic;1020;1001;953;831;15;8
GCF_008633605.1_ASM863360v1_genomic;1021;1002;954;831;15;8
GCF_008633625.1_ASM863362v1_genomic;1022;1003;955;833;15;8
GCF_008633645.1_ASM863364v1_genomic;1023;1004;956;16;15;8
GCF_008633665.1_ASM863366v1_genomic;1024;1005;957;834;15;8
GCF_008633685.1_ASM863368v1_genomic;1025;1006;958;835;15;8
GCF_008633705.1_ASM863370v1_genomic;1026;1007;959;836;543;8
GCF_008633725.1_ASM863372v1_genomic;1027;1008;960;837;543;8
GCF_008633745.1_ASM863374v1_genomic;1028;1009;961;837;543;8
GCF_008633765.1_ASM863376v1_genomic;1029;1010;962;831;15;8
GCF_008633785.1_ASM863378v1_genomic;1030;1011;963;838;544;8
GCF_008633805.1_ASM863380v1_genomic;1031;1012;964;839;15;8
GCF_008633825.1_ASM863382v1_genomic;1032;1013;965;835;15;8
GCF_008633845.1_ASM863384v1_genomic;1033;1014;966;840;545;8
GCF_008633885.1_ASM863388v1_genomic;1034;1015;967;841;543;8
GCF_008633985.1_ASM863398v1_genomic;1035;1016;968;842;543;8
GCF_008634065.1_ASM863406v1_genomic;1036;1017;969;843;545;8
GCF_008634095.1_ASM863409v1_genomic;1037;1018;970;844;15;8
GCF_008634125.1_ASM863412v1_genomic;1038;1019;971;845;546;8
GCF_008634145.1_ASM863414v1_genomic;1039;1020;972;842;543;8
GCF_008634165.1_ASM863416v1_genomic;1040;1021;973;842;543;8
GCF_008634185.1_ASM863418v1_genomic;1041;1022;974;831;15;8
GCF_008634205.1_ASM863420v1_genomic;1042;1023;975;842;543;8
GCF_008634225.1_ASM863422v1_genomic;1043;1024;976;842;543;8
GCF_008634245.1_ASM863424v1_genomic;1044;1025;977;831;15;8
GCF_008634265.1_ASM863426v1_genomic;1045;1026;978;846;543;8
GCF_008634285.1_ASM863428v1_genomic;1046;1027;979;831;15;8
GCF_008634305.1_ASM863430v1_genomic;1047;1028;980;842;543;8
GCF_008634325.1_ASM863432v1_genomic;1048;1029;981;847;15;8
GCF_008634345.1_ASM863434v1_genomic;1049;1030;982;842;543;8
GCF_008634365.1_ASM863436v1_genomic;1050;1031;983;842;543;8
GCF_008634385.1_ASM863438v1_genomic;1051;1032;984;842;543;8
GCF_008634405.1_ASM863440v1_genomic;1052;1033;985;831;15;8
GCF_008634425.1_ASM863442v1_genomic;1053;1034;986;848;543;8
GCF_008634445.1_ASM863444v1_genomic;1054;1035;987;849;15;8
GCF_008634465.1_ASM863446v1_genomic;1055;1036;988;850;15;8
GCF_008634485.1_ASM863448v1_genomic;1056;1037;989;851;15;8
GCF_008634505.1_ASM863450v1_genomic;1057;1038;990;852;543;8
GCF_008634525.1_ASM863452v1_genomic;1058;1039;991;842;543;8
GCF_008634575.1_ASM863457v1_genomic;1059;1040;992;842;543;8
GCF_008634665.1_ASM863466v1_genomic;1060;1041;993;842;543;8
GCF_008634735.1_ASM863473v1_genomic;1061;1042;994;853;15;8
GCF_008634825.1_ASM863482v1_genomic;1062;1043;995;844;15;8
GCF_008634855.1_ASM863485v1_genomic;1063;1044;996;854;123;8
GCF_008634885.1_ASM863488v1_genomic;1064;1045;997;855;543;8
GCF_008634905.1_ASM863490v1_genomic;1065;1046;998;856;15;8
GCF_008634925.1_ASM863492v1_genomic;1066;1047;999;857;547;8
GCF_008634945.1_ASM863494v1_genomic;1067;1048;1000;858;546;8
GCF_008634965.1_ASM863496v1_genomic;1068;1049;1001;859;548;8
GCF_008634985.1_ASM863498v1_genomic;1069;1050;1002;860;549;8
GCF_008635005.1_ASM863500v1_genomic;1070;1051;1003;861;543;8
GCF_008635025.1_ASM863502v1_genomic;1071;1052;1004;862;550;8
GCF_008635045.1_ASM863504v1_genomic;1072;1053;1005;863;543;8
GCF_008635065.1_ASM863506v1_genomic;1073;1054;1006;864;15;8
GCF_008635085.1_ASM863508v1_genomic;1074;1055;1007;865;15;8
GCF_008635125.1_ASM863512v1_genomic;1075;1056;1008;866;15;8
GCF_008635145.1_ASM863514v1_genomic;1076;1057;1009;867;543;8
GCF_008635165.1_ASM863516v1_genomic;1077;1058;1010;868;15;8
GCF_008635185.1_ASM863518v1_genomic;1078;1059;1011;869;543;8
GCF_008635205.1_ASM863520v1_genomic;1079;1060;1012;870;15;8
GCF_008635225.1_ASM863522v1_genomic;1080;1061;1013;871;551;8
GCF_008635245.1_ASM863524v1_genomic;1081;1062;1014;872;552;8
GCF_008635295.1_ASM863529v1_genomic;1082;1063;1015;873;543;8
GCF_008635315.1_ASM863531v1_genomic;1083;1064;1016;874;553;8
GCF_008635345.1_ASM863534v1_genomic;1084;1065;1017;875;554;8
GCF_008635365.1_ASM863536v1_genomic;1085;1066;1018;876;15;8
GCF_008635385.1_ASM863538v1_genomic;1086;1067;1019;877;15;8
GCF_008635405.1_ASM863540v1_genomic;1087;1068;1020;878;15;8
GCF_008635425.1_ASM863542v1_genomic;1088;1069;1021;879;543;8
GCF_008635445.1_ASM863544v1_genomic;1089;1070;1022;880;15;8
GCF_008635465.1_ASM863546v1_genomic;1090;1071;1023;881;549;8
GCF_008635485.1_ASM863548v1_genomic;1091;1072;1024;882;15;8
GCF_008635505.1_ASM863550v1_genomic;1092;1073;1025;883;543;8
GCF_008635525.1_ASM863552v1_genomic;1093;1074;1026;884;543;8
GCF_008635545.1_ASM863554v1_genomic;1094;1075;1027;885;15;8
GCF_008635565.1_ASM863556v1_genomic;1095;1076;1028;886;555;8
GCF_008635585.1_ASM863558v1_genomic;1096;1077;1029;887;549;8
GCF_008635605.1_ASM863560v1_genomic;1097;1078;1030;888;546;8
GCF_008635625.1_ASM863562v1_genomic;1098;1079;1031;889;15;8
GCF_008635645.1_ASM863564v1_genomic;1099;1080;1032;890;543;8
GCF_008635665.1_ASM863566v1_genomic;1100;1081;1033;891;556;8
GCF_008635685.1_ASM863568v1_genomic;1101;1082;1034;892;546;8
GCF_008635705.1_ASM863570v1_genomic;1102;1083;1035;893;549;8
GCF_008635725.1_ASM863572v1_genomic;1103;1084;1036;894;15;8
GCF_008635745.1_ASM863574v1_genomic;1104;1085;1037;895;543;8
GCF_008635765.1_ASM863576v1_genomic;1105;1086;1038;896;543;8
GCF_008635785.1_ASM863578v1_genomic;1106;1087;1039;897;15;8
GCF_008635835.1_ASM863583v1_genomic;1107;1088;1040;898;557;8
GCF_008635855.1_ASM863585v1_genomic;1108;1089;1041;899;543;8
GCF_008635875.1_ASM863587v1_genomic;1109;1090;1042;900;543;8
GCF_008635895.1_ASM863589v1_genomic;1110;1091;1043;901;543;8
GCF_008635915.1_ASM863591v1_genomic;1111;1092;1044;902;62;9
GCF_008635935.1_ASM863593v1_genomic;1112;1093;1045;903;15;8
GCF_008635965.1_ASM863596v1_genomic;1113;1094;1046;904;543;8
GCF_008636025.1_ASM863602v1_genomic;1114;1095;1047;905;15;8
GCF_008642415.1_ASM864241v1_genomic;1115;1096;1048;906;558;1
GCF_009296295.1_ASM929629v1_genomic;1116;1097;1049;907;559;39
GCF_009296305.1_ASM929630v1_genomic;1117;1098;1050;908;520;39
GCF_009296365.1_ASM929636v1_genomic;1118;1099;1051;909;559;39
GCF_009296375.1_ASM929637v1_genomic;1119;1100;1052;910;560;39
GCF_009393065.1_ASM939306v1_genomic;1120;1101;1053;911;561;1
GCF_009393225.1_ASM939322v1_genomic;1121;1102;1054;912;562;1
GCF_009393565.1_ASM939356v1_genomic;1122;1103;1055;913;563;1
GCF_009393895.1_ASM939389v1_genomic;1123;1104;1056;914;564;1
GCF_009394225.1_ASM939422v1_genomic;1124;1105;1057;915;565;1
GCF_009394275.1_ASM939427v1_genomic;1125;1106;1058;916;566;1
GCF_009394595.1_ASM939459v1_genomic;1126;1107;1059;917;567;1
GCF_009497205.1_ASM949720v1_genomic;1127;1108;1060;918;568;39
GCF_009497425.1_ASM949742v1_genomic;1128;1109;1061;919;569;39
GCF_009649275.1_ASM964927v1_genomic;1129;1110;1062;920;570;39
GCF_009649305.1_ASM964930v1_genomic;1130;1111;1063;921;524;39
GCF_009649325.1_ASM964932v1_genomic;1131;1112;1064;922;571;114
GCF_009649345.1_ASM964934v1_genomic;1132;1113;1065;923;572;39
GCF_009649375.1_ASM964937v1_genomic;1133;1114;1066;924;573;39
GCF_009649435.1_ASM964943v1_genomic;1134;1115;1067;925;574;39
GCF_009650175.1_ASM965017v1_genomic;1135;1116;1068;926;28;14
GCF_009707855.1_ASM970785v1_genomic;1136;1117;1069;927;575;1
GCF_009707915.1_ASM970791v1_genomic;1137;1118;1070;928;147;1
GCF_009708115.1_ASM970811v1_genomic;1138;1119;1071;929;576;1
GCF_009709745.1_ASM970974v1_genomic;1139;1120;1072;930;577;15
GCF_009761115.1_FMVZ-USP_APEC_T-17_genomic;1140;1121;1073;931;569;39
GCF_009761165.1_FMVZ-USP_APEC_T-22_genomic;1141;1122;1074;932;569;39
GCF_009762365.1_ASM976236v1_genomic;1142;1123;1075;933;578;1
GCF_009762415.1_ASM976241v1_genomic;1143;1124;1076;934;579;1
GCF_009790035.1_ASM979003v1_genomic;1144;1125;1077;935;580;1
GCF_009790095.1_ASM979009v1_genomic;1145;1126;1078;936;581;1
GCF_009790565.1_ASM979056v1_genomic;1146;1127;1079;937;582;60
GCF_009790615.1_ASM979061v1_genomic;1147;1128;1080;938;583;60
GCF_009790775.1_ASM979077v1_genomic;1148;1129;1081;939;584;100
GCF_009790915.1_ASM979091v1_genomic;1149;1130;1082;940;585;60
GCF_009790925.1_ASM979092v1_genomic;1150;1131;1083;941;586;1
GCF_009790935.1_ASM979093v1_genomic;1151;1132;1084;942;587;1
GCF_009791205.1_ASM979120v1_genomic;1152;1133;1085;943;588;1
GCF_009898525.1_ASM989852v1_genomic;1153;1134;1086;944;589;1
GCF_009898535.1_ASM989853v1_genomic;1154;1135;1087;945;590;39
GCF_009903585.1_ASM990358v1_genomic;1155;1136;1088;946;591;1
GCF_009903595.1_ASM990359v1_genomic;1156;1137;1089;947;203;52
GCF_009910095.1_ASM991009v1_genomic;1157;1138;1090;948;592;20
GCF_009910175.1_ASM991017v1_genomic;1158;1139;1091;949;593;36
GCF_009910255.1_ASM991025v1_genomic;1159;1140;1092;950;594;115
GCF_009910275.1_ASM991027v1_genomic;1160;1141;1093;951;595;1
GCF_010820745.1_ASM1082074v1_genomic;1161;1142;1094;952;28;14
GCF_010820825.1_ASM1082082v1_genomic;1162;1143;1095;953;28;14
GCF_011028045.1_ASM1102804v1_genomic;1163;1144;1096;954;596;1
GCF_011028055.1_ASM1102805v1_genomic;1164;1145;1097;831;15;8
GCF_011028085.1_ASM1102808v1_genomic;1165;1146;1098;955;597;1
GCF_011028125.1_ASM1102812v1_genomic;1166;1147;1099;956;598;1
GCF_011028135.1_ASM1102813v1_genomic;1167;1148;1100;957;599;1
GCF_011028145.1_ASM1102814v1_genomic;1168;1149;1101;958;600;15
GCF_011029285.1_ASM1102928v1_genomic;1169;1150;1102;959;14;7
GCF_011029325.1_ASM1102932v1_genomic;1170;1151;1103;960;14;7
GCF_011029335.1_ASM1102933v1_genomic;1171;1152;1104;961;601;14
GCF_011032055.1_ASM1103205v1_genomic;1172;1153;1105;962;602;1
GCF_011032075.1_ASM1103207v1_genomic;1173;1154;1106;963;603;1
GCF_011032185.1_ASM1103218v1_genomic;1174;1155;1107;964;15;8
GCF_011032195.1_ASM1103219v1_genomic;1175;1156;1108;965;604;9
GCF_011032325.1_ASM1103232v1_genomic;1176;1157;1109;966;605;1
GCF_011032345.1_ASM1103234v1_genomic;1177;1158;1110;831;15;8
GCF_011032365.1_ASM1103236v1_genomic;1178;1159;1111;967;606;1
GCF_011032445.1_ASM1103244v1_genomic;1179;1160;1112;968;607;8
GCF_011032475.1_ASM1103247v1_genomic;1180;1161;1113;969;608;1
GCF_011032525.1_ASM1103252v1_genomic;1181;1162;1114;970;14;7
GCF_011032585.1_ASM1103258v1_genomic;1182;1163;1115;971;59;19
GCF_011032645.1_ASM1103264v1_genomic;1183;1164;1116;972;28;14
GCF_011043615.1_ASM1104361v1_genomic;1184;1165;1117;973;609;15
GCF_011383085.1_ASM1138308v1_genomic;1185;1166;1118;974;610;1
GCF_011404355.1_ASM1140435v1_genomic;1186;1167;1119;975;611;1
GCF_011404475.1_ASM1140447v1_genomic;1187;1168;1120;976;562;1
GCF_011404595.1_ASM1140459v1_genomic;1188;1169;1121;977;612;1
GCF_011404755.1_ASM1140475v1_genomic;1189;1170;1122;978;613;1
GCF_011404895.1_ASM1140489v1_genomic;1190;1171;1123;979;614;1
GCF_012033715.1_ASM1203371v1_genomic;1191;1172;1124;980;615;1
GCF_012328955.1_ASM1232895v1_genomic;1192;1173;1125;981;456;1
GCF_012556305.1_ASM1255630v1_genomic;1193;1174;1126;982;616;12
GCF_012556445.1_ASM1255644v1_genomic;1194;1175;1127;983;3;3
GCF_012978065.1_ASM1297806v1_genomic;1195;1176;1128;984;617;1
GCF_012978105.1_ASM1297810v1_genomic;1196;1177;1129;985;618;1
GCF_012978165.1_ASM1297816v1_genomic;1197;1178;1130;986;619;116
GCF_012978195.1_ASM1297819v1_genomic;1198;1179;1131;987;620;39
GCF_012978255.1_ASM1297825v1_genomic;1199;1180;1132;988;621;15
GCF_012978375.1_ASM1297837v1_genomic;1200;1181;1133;989;622;15
GCF_013030465.1_ASM1303046v1_genomic;1201;1182;1134;990;623;53
GCF_013073465.1_ASM1307346v1_genomic;1202;1183;1135;991;624;42
GCF_013073485.1_ASM1307348v1_genomic;1203;1184;1136;992;287;1
GCF_013073615.1_ASM1307361v1_genomic;1204;1185;1137;993;625;42
GCF_013073655.1_ASM1307365v1_genomic;1205;1186;1138;994;626;117
GCF_013073685.1_ASM1307368v1_genomic;1206;1187;1139;995;627;1
GCF_013073705.1_ASM1307370v1_genomic;1207;1188;1140;996;628;118
GCF_013073765.1_ASM1307376v1_genomic;1208;1189;1141;997;629;1
GCF_013073785.1_ASM1307378v1_genomic;1209;1190;1142;998;630;1
GCF_013073795.1_ASM1307379v1_genomic;1210;1191;1143;999;631;119
GCF_013073865.1_ASM1307386v1_genomic;1211;1192;1144;1000;291;37
GCF_013073925.1_ASM1307392v1_genomic;1212;1193;1145;1001;632;1
GCF_013073945.1_ASM1307394v1_genomic;1213;1194;1146;1002;633;1
GCF_013074015.1_ASM1307401v1_genomic;1214;1195;1147;1003;633;1
GCF_013074055.1_ASM1307405v1_genomic;1215;1196;1148;1004;634;1
GCF_013074075.1_ASM1307407v1_genomic;1216;1197;1149;1005;287;1
GCF_013074175.1_ASM1307417v1_genomic;1217;1198;1150;1006;635;120
GCF_013074195.1_ASM1307419v1_genomic;1218;1199;1151;1007;636;1
GCF_013074245.1_ASM1307424v1_genomic;1219;1200;1152;1008;637;121
GCF_013074265.1_ASM1307426v1_genomic;1220;1201;1153;1009;638;1
GCF_013074275.1_ASM1307427v1_genomic;1221;1202;1154;1010;627;1
GCF_013074365.1_ASM1307436v1_genomic;1222;1203;1155;1011;639;1
GCF_013112445.1_ASM1311244v1_genomic;1223;1204;1156;1012;640;48
GCF_013141925.1_ASM1314192v1_genomic;1224;1205;1157;1013;641;14
GCF_013167195.1_ASM1316719v1_genomic;1225;1206;1158;817;28;14
GCF_013167315.1_ASM1316731v1_genomic;1226;1207;920;817;28;14
GCF_013167335.1_ASM1316733v1_genomic;1227;1208;920;817;28;14
GCF_013167355.1_ASM1316735v1_genomic;1228;1209;923;217;28;14
GCF_013167555.1_ASM1316755v1_genomic;1229;1210;1159;1014;28;14
GCF_013167635.1_ASM1316763v1_genomic;1230;1211;918;815;28;14
GCF_013167655.1_ASM1316765v1_genomic;1231;1212;1160;160;28;14
GCF_013167715.1_ASM1316771v1_genomic;1232;1213;923;217;28;14
GCF_013167735.1_ASM1316773v1_genomic;1233;1214;1161;815;28;14
GCF_013168035.1_ASM1316803v1_genomic;1234;1215;1162;1015;642;14
GCF_013168055.1_ASM1316805v1_genomic;1235;1216;1163;160;28;14
GCF_013168095.1_ASM1316809v1_genomic;1236;1217;1164;217;28;14
GCF_013168115.1_ASM1316811v1_genomic;1237;1218;1165;1016;331;14
GCF_013168215.1_ASM1316821v1_genomic;1238;1219;920;817;28;14
GCF_013185285.1_ASM1318528v1_genomic;1239;1220;1166;1017;643;1
GCF_013185345.1_ASM1318534v1_genomic;1240;1221;1167;1018;59;19
GCF_013185405.1_ASM1318540v1_genomic;1241;1222;1168;1019;644;122
GCF_013185445.1_ASM1318544v1_genomic;1242;1223;1169;1020;645;123
GCF_013185455.1_ASM1318545v1_genomic;1243;1224;1170;1020;645;123
GCF_013185485.1_ASM1318548v1_genomic;1244;1225;1171;1020;645;123
GCF_013185495.1_ASM1318549v1_genomic;1245;1226;1172;1020;645;123
GCF_013185525.1_ASM1318552v1_genomic;1246;1227;1173;1020;645;123
GCF_013185535.1_ASM1318553v1_genomic;1247;1228;1174;1020;645;123
GCF_013185545.1_ASM1318554v1_genomic;1248;1229;1175;1020;645;123
GCF_013185575.1_ASM1318557v1_genomic;1249;1230;1176;1020;645;123
GCF_013185605.1_ASM1318560v1_genomic;1250;1231;1177;1020;645;123
GCF_013185625.1_ASM1318562v1_genomic;1251;1232;1178;1020;645;123
GCF_013185635.1_ASM1318563v1_genomic;1252;1233;1179;1020;645;123
GCF_013185665.1_ASM1318566v1_genomic;1253;1234;1180;1021;646;124
GCF_013185725.1_ASM1318572v1_genomic;1254;1235;1181;1022;647;123
GCF_013185735.1_ASM1318573v1_genomic;1255;1236;1182;1021;646;124
GCF_013185755.1_ASM1318575v1_genomic;1256;1237;1183;1023;648;123
GCF_013185785.1_ASM1318578v1_genomic;1257;1238;1184;1024;649;125
GCF_013185805.1_ASM1318580v1_genomic;1258;1239;1185;1020;645;123
GCF_013185815.1_ASM1318581v1_genomic;1259;1240;1185;1020;645;123
GCF_013185845.1_ASM1318584v1_genomic;1260;1241;1185;1020;645;123
GCF_013185855.1_ASM1318585v1_genomic;1261;1242;1186;1025;28;14
GCF_013185885.1_ASM1318588v1_genomic;1262;1243;1187;1026;648;123
GCF_013185905.1_ASM1318590v1_genomic;1263;1244;1188;1020;645;123
GCF_013186735.1_ASM1318673v1_genomic;1264;1245;1185;1020;645;123
GCF_013190205.1_ASM1319020v1_genomic;1265;1246;1189;1027;650;1
GCF_013202015.1_ASM1320201v1_genomic;1266;1247;1190;1020;645;123
GCF_013202035.1_ASM1320203v1_genomic;1267;1248;1191;1020;645;123
GCF_013315715.1_ASM1331571v1_genomic;1268;1249;1192;1028;651;126
GCF_013315755.1_ASM1331575v1_genomic;1269;1250;1193;1029;652;86
GCF_013315975.1_ASM1331597v1_genomic;1270;1251;1194;1030;653;1
GCF_013315995.1_ASM1331599v1_genomic;1271;1252;1195;1031;654;127
GCF_013341535.1_ASM1334153v1_genomic;1272;1253;1196;1032;655;1
GCF_013341545.1_ASM1334154v1_genomic;1273;1254;1197;1033;656;1
GCF_013341685.1_ASM1334168v1_genomic;1274;1255;1198;1034;656;1
GCF_013341705.1_ASM1334170v1_genomic;1275;1256;1199;1034;656;1
GCF_013341765.1_ASM1334176v1_genomic;1276;1257;1200;1035;656;1
GCF_013341865.1_ASM1334186v1_genomic;1277;1258;1201;1036;656;1
GCF_013341985.1_ASM1334198v1_genomic;1278;1259;1202;1037;656;1
GCF_013342305.1_ASM1334230v1_genomic;1279;1260;1203;1038;656;1
GCF_013342315.1_ASM1334231v1_genomic;1280;1261;1204;1039;657;1
GCF_013342355.1_ASM1334235v1_genomic;1281;1262;1205;1040;658;1
GCF_013342425.1_ASM1334242v1_genomic;1282;1263;1206;1041;658;1
GCF_013342435.1_ASM1334243v1_genomic;1283;1264;1207;1042;656;1
GCF_013342495.1_ASM1334249v1_genomic;1284;1265;1208;1042;656;1
GCF_013342605.1_ASM1334260v1_genomic;1285;1266;1209;1043;659;1
GCF_013342705.1_ASM1334270v1_genomic;1286;1267;1210;1042;656;1
GCF_013342765.1_ASM1334276v1_genomic;1287;1268;1211;1044;656;1
GCF_013342805.1_ASM1334280v1_genomic;1288;1269;1212;1045;656;1
GCF_013342815.1_ASM1334281v1_genomic;1289;1270;1213;1046;656;1
GCF_013343595.1_ASM1334359v1_genomic;1290;1271;1214;1047;28;14
GCF_013343615.1_ASM1334361v1_genomic;1291;1272;1215;1048;660;14
GCF_013350235.1_ASM1335023v1_genomic;1292;1273;1216;1049;656;1
GCF_013358945.1_ASM1335894v1_genomic;1293;1274;1217;1050;661;1
GCF_013361265.1_ASM1336126v1_genomic;1294;1275;1218;1051;662;1
GCF_013361275.1_ASM1336127v1_genomic;1295;1276;1219;1052;663;15
GCF_013366895.1_ASM1336689v1_genomic;1296;1277;1220;1053;664;39
GCF_013371745.1_ASM1337174v1_genomic;1297;1278;1221;1054;665;1
GCF_013374895.1_ASM1337489v1_genomic;1298;1279;1222;1055;666;1
GCF_013376895.1_ASM1337689v1_genomic;1299;1280;1223;1056;667;1
GCF_013404205.1_ASM1340420v1_genomic;1300;1281;1224;1057;287;1
GCF_013404435.1_ASM1340443v1_genomic;1301;1282;1225;1058;668;1
GCF_013412755.1_ASM1341275v1_genomic;1302;1283;1226;1059;395;89
GCF_013412765.1_ASM1341276v1_genomic;1303;1284;1227;1059;395;89
GCF_013412815.1_ASM1341281v1_genomic;1304;1285;1228;1059;395;89
GCF_013412825.1_ASM1341282v1_genomic;1305;1286;1229;612;395;89
GCF_013412835.1_ASM1341283v1_genomic;1306;1287;1230;612;395;89
GCF_013412845.1_ASM1341284v1_genomic;1307;1288;1231;1060;395;89
GCF_013412895.1_ASM1341289v1_genomic;1308;1289;1232;612;395;89
GCF_013412915.1_ASM1341291v1_genomic;1309;1290;1233;1061;395;89
GCF_013412935.1_ASM1341293v1_genomic;1310;1291;1234;1062;395;89
GCF_013412945.1_ASM1341294v1_genomic;1311;1292;1235;1063;395;89
GCF_013412955.1_ASM1341295v1_genomic;1312;1293;1236;1064;395;89
GCF_013412965.1_ASM1341296v1_genomic;1313;1294;1237;612;395;89
GCF_013413015.1_ASM1341301v1_genomic;1314;1295;1238;1061;395;89
GCF_013413035.1_ASM1341303v1_genomic;1315;1296;1239;1065;395;89
GCF_013413045.1_ASM1341304v1_genomic;1316;1297;1240;1066;395;89
GCF_013413055.1_ASM1341305v1_genomic;1317;1298;1241;1067;395;89
GCF_013413065.1_ASM1341306v1_genomic;1318;1299;1242;1068;395;89
GCF_013413115.1_ASM1341311v1_genomic;1319;1300;1243;1065;395;89
GCF_013413135.1_ASM1341313v1_genomic;1320;1301;1244;612;395;89
GCF_013413145.1_ASM1341314v1_genomic;1321;1302;1245;612;395;89
GCF_013413165.1_ASM1341316v1_genomic;1322;1303;1246;612;395;89
GCF_013413175.1_ASM1341317v1_genomic;1323;1304;1244;612;395;89
GCF_013413215.1_ASM1341321v1_genomic;1324;1305;1247;1069;395;89
GCF_013413235.1_ASM1341323v1_genomic;1325;1306;1248;1070;395;89
GCF_013413275.1_ASM1341327v1_genomic;1326;1307;1248;1070;395;89
GCF_013413285.1_ASM1341328v1_genomic;1327;1308;1249;612;395;89
GCF_013413315.1_ASM1341331v1_genomic;1328;1309;1250;1071;395;89
GCF_013413335.1_ASM1341333v1_genomic;1329;1310;1251;1072;395;89
GCF_013413345.1_ASM1341334v1_genomic;1330;1311;1252;1073;669;89
GCF_013413375.1_ASM1341337v1_genomic;1331;1312;1253;1073;669;89
GCF_013602485.1_ASM1360248v1_genomic;1332;1313;1254;1074;212;1
GCF_013850805.1_UQ_genomic;1333;1314;1255;1075;670;1
GCF_013850825.1_ASM1385082v1_genomic;1334;1315;1256;1076;671;1
GCF_013850835.1_ASM1385083v1_genomic;1335;1316;1257;1077;672;1
GCF_013850855.1_ASM1385085v1_genomic;1336;1317;1258;1078;673;1
GCF_013850905.1_ASM1385090v1_genomic;1337;1318;1259;1079;674;1
GCF_013850925.1_ASM1385092v1_genomic;1338;1319;1260;1080;675;128
GCF_013850935.1_ASM1385093v1_genomic;1339;1320;1261;1081;676;1
GCF_013851005.1_ASM1385100v1_genomic;1340;1321;1262;1082;677;15
GCF_013851045.1_ASM1385104v1_genomic;1341;1322;1263;1083;678;1
GCF_013851065.1_ASM1385106v1_genomic;1342;1323;1264;1084;606;1
GCF_013851105.1_ASM1385110v1_genomic;1343;1324;1265;1085;679;1
GCF_013851125.1_ASM1385112v1_genomic;1344;1325;1266;1086;680;1
GCF_013851205.1_ASM1385120v1_genomic;1345;1326;1267;1087;681;1
GCF_013851245.1_ASM1385124v1_genomic;1346;1327;1268;1088;682;1
GCF_013851255.1_ASM1385125v1_genomic;1347;1328;1269;1089;683;1
GCF_014075475.1_ASM1407547v1_genomic;1348;1329;1270;1090;684;1
GCF_014075595.1_ASM1407559v1_genomic;1349;1330;1271;1091;685;1
GCF_014075915.1_ASM1407591v1_genomic;1350;1331;1272;1092;686;1
GCF_014155245.1_ASM1415524v1_genomic;1351;1332;1273;1093;687;1
GCF_014216435.1_ASM1421643v1_genomic;1352;1333;1274;1094;688;1
GCF_014216475.1_ASM1421647v1_genomic;1353;1334;1275;1095;689;1
GCF_014216915.1_ASM1421691v1_genomic;1354;1335;1276;1096;300;1
GCF_014217055.1_ASM1421705v1_genomic;1355;1336;1277;1097;690;1
GCF_014325345.1_ASM1432534v1_genomic;1356;1337;1278;284;209;55
GCF_014325365.1_ASM1432536v1_genomic;1357;1338;1279;1098;691;19
GCF_014325375.1_ASM1432537v1_genomic;1358;1339;1280;1099;209;55
GCF_014325405.1_ASM1432540v1_genomic;1359;1340;1281;284;209;55
GCF_014493855.1_ASM1449385v1_genomic;1360;1341;1282;1100;692;1
GCF_014494085.1_ASM1449408v1_genomic;1361;1342;1283;1101;693;1
GCF_014494245.1_ASM1449424v1_genomic;1362;1343;1284;1102;694;1
GCF_014494415.1_ASM1449441v1_genomic;1363;1344;1285;1103;695;1
GCF_014494475.1_ASM1449447v1_genomic;1364;1345;1286;1104;696;1
GCF_014494645.1_ASM1449464v1_genomic;1365;1346;1287;1105;478;15
GCF_014494735.1_ASM1449473v1_genomic;1366;1347;1288;1106;697;15
GCF_014494805.1_ASM1449480v1_genomic;1367;1348;1289;1107;698;1
GCF_014495205.1_ASM1449520v1_genomic;1368;1349;1290;1108;699;129
GCF_014495505.1_ASM1449550v1_genomic;1369;1350;1291;1109;700;1
GCF_014495595.1_ASM1449559v1_genomic;1370;1351;1292;1110;701;15
GCF_014495645.1_ASM1449564v1_genomic;1371;1352;1293;1111;169;39
GCF_014771055.1_ASM1477105v1_genomic;1372;1353;1294;1112;702;1
GCF_014771275.1_ASM1477127v1_genomic;1373;1354;1295;1113;703;1
GCF_014861145.1_ASM1486114v1_genomic;1374;1355;1296;1114;704;1
GCF_014862585.1_ASM1486258v1_genomic;1375;1356;1297;1115;705;1
GCF_014862715.1_ASM1486271v1_genomic;1376;1357;1298;1116;286;39
GCF_014862945.1_ASM1486294v1_genomic;1377;1358;1299;1117;491;39
GCF_014862965.1_ASM1486296v1_genomic;1378;1359;1300;1118;522;15
GCF_014863025.1_ASM1486302v1_genomic;1379;1360;1301;1119;161;45
GCF_014863145.1_ASM1486314v1_genomic;1380;1361;1302;1120;706;45
GCF_014893115.1_ASM1489311v1_genomic;1381;1362;1303;1121;286;39
GCF_014893145.1_ASM1489314v1_genomic;1382;1363;1304;1122;225;1
GCF_014893175.1_ASM1489317v1_genomic;1383;1364;1305;1123;707;1
GCF_014893195.1_ASM1489319v1_genomic;1384;1365;1306;1124;708;15
GCF_014893245.1_ASM1489324v1_genomic;1385;1366;1307;1125;478;15
GCF_014893325.1_ASM1489332v1_genomic;1386;1367;1308;1126;709;39
GCF_014894945.1_ASM1489494v1_genomic;1387;1368;1309;1127;710;1
GCF_014895025.1_ASM1489502v1_genomic;1388;1369;1310;1128;711;1
GCF_014895065.1_ASM1489506v1_genomic;1389;1370;1311;1123;707;1
GCF_014895105.1_ASM1489510v1_genomic;1390;1371;1312;1129;712;86
GCF_014895225.1_ASM1489522v1_genomic;1391;1372;1313;1130;713;45
GCF_014895295.1_ASM1489529v1_genomic;1392;1373;1314;1131;714;1
GCF_014895355.1_ASM1489535v1_genomic;1393;1374;1315;1132;715;1
GCF_014895435.1_ASM1489543v1_genomic;1394;1375;1316;1133;716;15
GCF_014896975.1_ASM1489697v1_genomic;1395;1376;1317;919;569;39
GCF_014904115.1_ASM1490411v1_genomic;1396;1377;1318;1134;717;1
GCF_015206795.1_ASM1520679v1_genomic;1397;1378;1319;1135;718;1
GCF_015229195.1_ASM1522919v1_genomic;1398;1379;1320;1136;719;1
GCF_015229225.1_ASM1522922v1_genomic;1399;1380;1321;1137;720;130
GCF_015229275.1_ASM1522927v1_genomic;1400;1381;1322;1138;721;1
GCF_015229315.1_ASM1522931v1_genomic;1401;1382;1323;1139;722;1
GCF_015229335.1_ASM1522933v1_genomic;1402;1383;1324;1140;723;1
GCF_015229345.1_ASM1522934v1_genomic;1403;1384;1325;1141;724;1
GCF_015229355.1_ASM1522935v1_genomic;1404;1385;1326;1142;725;1
GCF_015229415.1_ASM1522941v1_genomic;1405;1386;1327;1143;726;1
GCF_015229455.1_ASM1522945v1_genomic;1406;1387;1328;1144;727;131
GCF_015229495.1_ASM1522949v1_genomic;1407;1388;1329;1145;728;1
GCF_015229535.1_ASM1522953v1_genomic;1408;1389;1330;1146;443;1
GCF_015229575.1_ASM1522957v1_genomic;1409;1390;1331;1147;729;1
GCF_015229695.1_ASM1522969v1_genomic;1410;1391;1332;1148;730;132
GCF_015229735.1_ASM1522973v1_genomic;1411;1392;1333;1149;731;133
GCF_015229765.1_ASM1522976v1_genomic;1412;1393;1334;1150;732;1
GCF_015229795.1_ASM1522979v1_genomic;1413;1394;1335;1151;733;1
GCF_015229825.1_ASM1522982v1_genomic;1414;1395;1336;1152;734;48
GCF_015229835.1_ASM1522983v1_genomic;1415;1396;1337;1153;735;134
GCF_015229875.1_ASM1522987v1_genomic;1416;1397;1338;1154;736;1
GCF_015687475.1_ASM1568747v1_genomic;1417;1398;1339;1155;737;20
GCF_015687485.1_ASM1568748v1_genomic;1418;1399;1340;587;388;20
GCF_015687495.1_ASM1568749v1_genomic;1419;1400;1341;1156;738;135
GCF_015687505.1_ASM1568750v1_genomic;1420;1401;1342;1157;739;8
GCF_015687555.1_ASM1568755v1_genomic;1421;1402;1343;1158;321;3
GCF_015687575.1_ASM1568757v1_genomic;1422;1403;1344;1159;543;8
GCF_015687585.1_ASM1568758v1_genomic;1423;1404;1345;1160;175;39
GCF_015687595.1_ASM1568759v1_genomic;1424;1405;1346;1161;740;1
GCF_015690145.1_ASM1569014v1_genomic;1425;1406;1347;1162;741;1
GCF_015690155.1_ASM1569015v1_genomic;1426;1407;1348;1163;212;1
GCF_015690195.1_ASM1569019v1_genomic;1427;1408;1349;1164;742;48
GCF_015690285.1_ASM1569028v1_genomic;1428;1409;1350;1165;286;39
GCF_015690315.1_ASM1569031v1_genomic;1429;1410;1351;801;524;39
GCF_015690365.1_ASM1569036v1_genomic;1430;1411;1352;1165;286;39
GCF_015693325.1_ASM1569332v1_genomic;1431;1412;1353;1166;169;39
GCF_015693335.1_ASM1569333v1_genomic;1432;1413;1354;1167;743;1
GCF_015693345.1_ASM1569334v1_genomic;1433;1414;1355;1168;744;1
GCF_015693425.1_ASM1569342v1_genomic;1434;1415;1356;742;478;15
GCF_015693445.1_ASM1569344v1_genomic;1435;1416;1357;1169;379;15
GCF_015693725.1_ASM1569372v1_genomic;1436;1417;1358;1170;576;1
GCF_015693825.1_ASM1569382v1_genomic;1437;1418;1359;1171;379;15
GCF_015698915.1_ASM1569891v1_genomic;1438;1419;1360;458;28;14
GCF_015698925.1_ASM1569892v1_genomic;1439;1420;1361;458;28;14
GCF_015698955.1_ASM1569895v1_genomic;1440;1421;1362;458;28;14
GCF_015698965.1_ASM1569896v1_genomic;1441;1422;1363;458;28;14
GCF_015698975.1_ASM1569897v1_genomic;1442;1423;1364;1172;143;40
GCF_015699015.1_ASM1569901v1_genomic;1443;1424;1365;1172;143;40
GCF_015699025.1_ASM1569902v1_genomic;1444;1425;1366;1173;314;72
GCF_015699055.1_ASM1569905v1_genomic;1445;1426;1367;1174;745;7
GCF_015699065.1_ASM1569906v1_genomic;1446;1427;1363;458;28;14
GCF_015699095.1_ASM1569909v1_genomic;1447;1428;1368;1175;746;11
GCF_015699115.1_ASM1569911v1_genomic;1448;1429;1369;1176;291;37
GCF_015699135.1_ASM1569913v1_genomic;1449;1430;1370;1177;314;72
GCF_015699145.1_ASM1569914v1_genomic;1450;1431;1371;1178;314;72
GCF_015699165.1_ASM1569916v1_genomic;1451;1432;1372;1179;314;72
GCF_015699215.1_ASM1569921v1_genomic;1452;1433;1373;458;28;14
GCF_015699255.1_ASM1569925v1_genomic;1453;1434;1374;1180;28;14
GCF_015699265.1_ASM1569926v1_genomic;1454;1435;1375;1181;747;7
GCF_015699295.1_ASM1569929v1_genomic;1455;1436;1376;1182;748;136
GCF_015699315.1_ASM1569931v1_genomic;1456;1437;1377;1177;314;72
GCF_015699325.1_ASM1569932v1_genomic;1457;1438;1378;1183;15;8
GCF_015699355.1_ASM1569935v1_genomic;1458;1439;1379;458;28;14
GCF_015699365.1_ASM1569936v1_genomic;1459;1440;1380;458;28;14
GCF_015699395.1_ASM1569939v1_genomic;1460;1441;1381;1184;749;12
GCF_015699415.1_ASM1569941v1_genomic;1461;1442;1382;1185;750;137
GCF_015699425.1_ASM1569942v1_genomic;1462;1443;1383;1186;28;14
GCF_015699455.1_ASM1569945v1_genomic;1463;1444;1384;458;28;14
GCF_015699465.1_ASM1569946v1_genomic;1464;1445;1385;1187;28;14
GCF_015699495.1_ASM1569949v1_genomic;1465;1446;1386;1177;314;72
GCF_015699515.1_ASM1569951v1_genomic;1466;1447;1387;1188;28;14
GCF_015699525.1_ASM1569952v1_genomic;1467;1448;1388;1189;28;14
GCF_015699565.1_ASM1569956v1_genomic;1468;1449;1389;1190;28;14
GCF_015699595.1_ASM1569959v1_genomic;1469;1450;1390;1191;314;72
GCF_015699655.1_ASM1569965v1_genomic;1470;1451;1391;1192;751;7
GCF_015699715.1_ASM1569971v1_genomic;1471;1452;1392;1193;28;14
GCF_015699725.1_ASM1569972v1_genomic;1472;1453;1393;1194;28;14
GCF_015699755.1_ASM1569975v1_genomic;1473;1454;1394;1195;28;14
GCF_015699775.1_ASM1569977v1_genomic;1474;1455;1395;1177;314;72
GCF_015699785.1_ASM1569978v1_genomic;1475;1456;1396;1196;28;14
GCF_015699825.1_ASM1569982v1_genomic;1476;1457;1397;1197;28;14
GCF_015699855.1_ASM1569985v1_genomic;1477;1458;1398;1177;314;72
GCF_015699875.1_ASM1569987v1_genomic;1478;1459;1399;1198;28;14
GCF_015699885.1_ASM1569988v1_genomic;1479;1460;1400;1198;28;14
GCF_015699915.1_ASM1569991v1_genomic;1480;1461;1401;1198;28;14
GCF_015699925.1_ASM1569992v1_genomic;1481;1462;1402;1198;28;14
GCF_015699955.1_ASM1569995v1_genomic;1482;1463;1403;1198;28;14
GCF_015699965.1_ASM1569996v1_genomic;1483;1464;1404;1177;314;72
NC672mucus-flye-pilon;1484;1465;1405;1199;752;1
NC809-Unicycler-assembly;1485;1466;1406;1200;753;1
NV34-Unicycler-assembly;1486;1467;1407;1201;754;1
NV36-unicycler-50x-assembly;1487;1468;1408;1202;755;58
Slk8430761-flye-racon-medaka-consensus;1488;1469;1409;1203;756;18
Slk8430767_unicycler;1489;1470;1410;1203;756;18
